 t,xh,yh,zh,vxh,vyh,vz
0.0,,,,,,
365250.0,,,,,,
730500.0,-0.27728059257064336,0.26796634608996556,0.045957577914686916,0.0077418467586565145,2.1196021242043845e-05,-0.4373679475520302
1095750.0,-0.31220647394756035,0.19949803257815354,0.04364111421565728,0.021164593470865894,5.794549889354112e-05,-0.8093790098162545
1461000.0,-0.3338904251498779,0.13367943872226046,0.04002081886484705,0.033322998159644124,9.123339674098323e-05,-1.1308862693349406
1826250.0,-0.3458662308153171,0.07001980620884062,0.035361469957144356,0.04461610980800945,0.00012215225135663095,-1.4161072045846452
2191500.0,-0.34905573781728655,0.009343409021025005,0.02981330825077071,0.0549083431291681,0.0001503308504563124,-1.6642698575161532
2556750.0,-0.343692189850175,-0.046992500947890696,0.023524005605047478,0.06384301778224276,0.00017479265648800206,-1.8691706378053234
2922000.0,-0.3297419141990509,-0.09749585966060222,0.016653006289116878,0.07095987328850718,0.00019427754493773355,-2.022697785506789
3287250.0,-0.30725039484393546,-0.14070353482857695,0.009382920360442826,0.07574452918741913,0.0002073772188567259,-2.1154727497821986
3652500.0,-0.27633891424493373,-0.17518085780368148,0.0019342494643343358,0.07769011472627789,0.00021270394175572317,-2.138600220535403
4017750.0,-0.23740800068401113,-0.19974573394906975,-0.0054422981308419995,0.07637636123579127,0.00020910708072769681,-2.0847069247143204
4383000.0,-0.19119828039314743,-0.21359433411760217,-0.012471235800658904,0.07155979351842963,0.0001959200370114432,-1.9491725230914987
4748250.0,-0.1387819373120983,-0.21642648362421416,-0.018863240390954317,0.0632650700176561,0.00017321032174580727,-1.7325484337073913
5113500.0,-0.08174742362744497,-0.20856079102789263,-0.024331827011361575,0.05184879340601257,0.0001419542598385012,-1.440625917423427
5478750.0,-0.0218678345088507,-0.19101261069931563,-0.028628261154359437,0.03799077301021617,0.00010401306778977733,-1.0853995752203398
5844000.0,0.0386749754346093,-0.1654575795797174,-0.03155101671519485,0.02267192224941932,6.207234017637048e-05,-0.6849653210294034
6209250.0,0.09774318967224113,-0.13408065624393992,-0.032981286170621814,0.0070013767702787714,1.9168724901516143e-05,-0.26064805609997604
6574500.0,0.15328839517574452,-0.09941521792925496,-0.03288139993287717,-0.007910630583752505,-2.165812617043807e-05,0.16420499721743587
6939750.0,0.2034425966062047,-0.06408585034751699,-0.031310662076452764,-0.021105537863640098,-5.778381345281341e-05,0.5673396442988652
7305000.0,0.24691268441089892,-0.030480497955971676,-0.02839280175797687,-0.03193045461946532,-8.742082031338898e-05,0.9305918996123903
7670250.0,0.2826772097222426,-0.0007098471218752955,-0.024325092111734555,-0.04000958655462882,-0.00010954027804142045,1.2396718594164196
8035500.0,0.31032344255324457,0.023726411466294412,-0.01932837937041309,-0.045298108227822716,-0.00012401946126713954,1.486771527118294
8400750.0,0.32974354393035143,0.04183023502788109,-0.013643515020921546,-0.04796878918788112,-0.00013133138723581415,1.6684561078702767
8766000.0,0.34122476379183264,0.05318378462642133,-0.007513813956768516,-0.048355284949232975,-0.00013238955496025454,1.7856682871626326
9131250.0,0.3452307672850912,0.057865905652546665,-0.0011480157912614004,-0.046873318124939174,-0.00012833215092385812,1.8427178458065656
9496500.0,0.34243494678949754,0.056344093698066054,0.005241834560476987,-0.04395472665952783,-0.00012034148298296462,1.8453329954677482
9861750.0,0.3335289987526432,0.049421742622845245,0.011500487564317303,-0.04000608151961566,-0.00010953068177855075,1.8006776813190999
10227000.0,0.3192747338352895,0.03806379735523693,0.017478323996855515,-0.035388062119069925,-9.688723372777529e-05,1.7160347019916458
10592250.0,0.30041294921576056,0.023441839695887666,0.02306288587898164,-0.03040567631759006,-8.324620483939784e-05,1.5983902829557808
10957500.0,0.2776150263017211,0.006676318027080889,0.028165360450815875,-0.02529755190995442,-6.92609224091839e-05,1.454506958284444
11322750.0,0.25156592691911034,-0.011033348856673982,0.032713054173001244,-0.020254843235479204,-5.5454738495494054e-05,1.290267617927197
11688000.0,0.222828821925157,-0.028584832991441843,0.036656713527926724,-0.015417350487872773,-4.221040516871396e-05,1.1110127666985496
12053250.0,0.191982796913971,-0.044974007969085045,0.03995862916434009,-0.010884624070539379,-2.9800476579163255e-05,0.9215260027777682
12418500.0,0.1595096293849491,-0.059288337398582545,0.042597802462031334,-0.006725028183828027,-1.841212370657913e-05,0.7257080724136444
12783750.0,0.12587983348817816,-0.07077200989956188,0.0445624915411524,-0.0029810051720140563,-8.16154735664355e-06,0.5273840604714055
13149000.0,0.09152093028356065,-0.07882486010030056,0.04585541489823109,0.0003265487427781062,8.940417324520361e-07,0.32946638841593145
13514250.0,0.05686270045919384,-0.08298193856952582,0.04648540952828412,0.0031874978613383497,8.72689352864709e-06,0.13494750254169155
13879500.0,0.022244692044606208,-0.0829551724049103,0.046476886963981424,0.005610538718344992,1.5360817846255968e-05,-0.053902170000805605
14244750.0,-0.011902430565945265,-0.07862822533968897,0.045859803404616546,0.007605097682894045,2.082162267732798e-05,-0.23480518458676805
14610000.0,-0.04524155559118833,-0.07001417248295344,0.044677864955670644,0.00919230202569066,2.5167151336593185e-05,-0.4058235256199824
14975250.0,-0.07742425863003628,-0.05729792745822532,0.042984536351711886,0.010396180248858649,2.8463190277504854e-05,-0.565432179837954
15340500.0,-0.10804442960458978,-0.04081871291897954,0.04084438918900776,0.011242525699173252,3.078035783483437e-05,-0.7120441160098467
15705750.0,-0.1368125360161991,-0.02101177789813341,0.03833217741585271,0.011763044170409359,3.220545974102494e-05,-0.8447118714867132
16071000.0,-0.1633642158175227,0.0015531670402451632,0.03553330513920669,0.011986603691294983,3.281753235125252e-05,-0.9626628819753886
16436250.0,-0.1873733364737707,0.02619912983004981,0.03254025699160643,0.011946997247367502,3.270909581757016e-05,-1.0654222201154797
16801500.0,-0.2086481810674851,0.05228791429709676,0.029445470817345082,0.011675818948192805,3.196665009772157e-05,-1.1533258813220708
17166750.0,-0.22692229070683254,0.07907236892030167,0.026345242244149435,0.011203872419442552,3.0674530922498434e-05,-1.2267717186140272
17532000.0,-0.24214628795336304,0.10594788898371132,0.023318910485612243,0.010561774806938944,2.8916563468689783e-05,-1.2869196379707086
17897250.0,-0.25430401165657,0.1323783375195103,0.020435951327432002,0.009773533939441015,2.675847758916089e-05,-1.3352107693014945
18262500.0,-0.26349545134751656,0.15796186179099828,0.017739145118632317,0.008861723778880675,2.4262077423355717e-05,-1.3732828893256013
18627750.0,-0.269933749796771,0.18244609183737248,0.015255920916528418,0.007842801245473943,2.147241956324146e-05,-1.4029255386736805
18993000.0,-0.2738330866172802,0.20571636520884073,0.012987990417438608,0.006724723717371571,1.8411290122851667e-05,-1.4257773147364388
19358250.0,-0.27554622103606063,0.22777860530805036,0.010920638763127268,0.005517169747386464,1.5105187535623448e-05,-1.4433730361678199
19723500.0,-0.2752553804325047,0.24858571442376626,0.00904779268193877,0.004218976465537345,1.155092803706323e-05,-1.456846589579843
20088750.0,-0.27337133977040906,0.26838193823732537,0.007321112858806956,0.002828993401532674,7.745361811177752e-06,-1.467353443643938
20454000.0,-0.2699630857901243,0.2870177317787613,0.005747019825555322,0.0013444868603602232,3.6810044089260047e-06,-1.4754850142034914
20819250.0,-0.26546198879387545,0.30482336339378807,0.004267866531339066,-0.00023979726356313766,-6.565291267984603e-07,-1.4820344395152143
21184500.0,-0.2598765761409739,0.32164910809390035,0.0028899375683896747,-0.0019313208236059918,-5.287668237114283e-06,-1.4873251563120475
21549750.0,-0.2534759016523101,0.33762157727502173,0.0015831425026501234,-0.0037344423486915124,-1.022434592386451e-05,-1.4917815016638434
21915000.0,-0.24651055257816026,0.3528525985230966,0.00031767864092524094,-0.0056540388275381675,-1.5479914654450834e-05,-1.495687559080984
22280250.0,-0.23890052076089477,0.36709773062120704,-0.0008864520116296274,-0.0076980017910967995,-2.1075980263098698e-05,-1.4992224989607799
22645500.0,-0.23105168970939333,0.38059087391101876,-0.0020769876653800967,-0.009864805489588156,-2.7008365474574005e-05,-1.5025597186135404
23010750.0,-0.2229671810182546,0.39314480295007503,-0.003244024479716125,-0.012157794262586915,-3.328622659161373e-05,-1.5058173337784717
23376000.0,-0.2147134314443534,0.40463779077066103,-0.004386322882733548,-0.01457546094247178,-3.990543721415956e-05,-1.509098793198172
23741250.0,-0.2066642008147002,0.41519367198395174,-0.0055403641858988205,-0.017105554026775213,-4.68324545565372e-05,-1.5123358074540054
24106500.0,-0.19859205595822432,0.4244452687438487,-0.006667695150514687,-0.019748736309191255,-5.406909324898359e-05,-1.5157378102638412
24471750.0,-0.19099045112308102,0.4325608748183578,-0.007813962673101069,-0.022472089602772208,-6.1525228207453e-05,-1.5189482058312256
24837000.0,-0.1836638205853626,0.4392540636165145,-0.00894791122955263,-0.02526831199108486,-6.91808678742912e-05,-1.52220049512517
25202250.0,-0.17686815635813405,0.4445376108416929,-0.010086781875560797,-0.02809858095350488,-7.69297219808484e-05,-1.5251613173690002
25567500.0,-0.1707729135467523,0.4483895092076626,-0.011238430524234339,-0.03091752132741832,-8.464756010244578e-05,-1.5274632334455907
25932750.0,-0.1651991438426335,0.45066539583532544,-0.012378747821229167,-0.03369861333658234,-9.226177504882228e-05,-1.5293809754828294
26298000.0,-0.16052522649573334,0.4515071573569587,-0.01353739155764125,-0.036361795684990164,-9.955317093768697e-05,-1.529875568799445
26663250.0,-0.15656765635706277,0.4508854715647494,-0.014693585462031087,-0.038864014041673924,-0.00010640387143510999,-1.5291831498826327
27028500.0,-0.15345616813355695,0.44892644471335724,-0.01585739782594067,-0.041131290009887474,-0.00011261133472932916,-1.526627904666059
27393750.0,-0.151121572151012,0.4457564644541326,-0.017022976161295906,-0.04310353166600707,-0.00011801103809995091,-1.5220405954028322
27759000.0,-0.14963386081475827,0.44159755247589805,-0.018200851411999664,-0.0447102386629389,-0.00012240996211619138,-1.5149060086783732
28124250.0,-0.14878579152178412,0.43659194204980917,-0.019377011628043915,-0.04592148337672443,-0.0001257261694092387,-1.505463868604095
28489500.0,-0.14862723807622608,0.43105270538978263,-0.02056602262438933,-0.04668969126600804,-0.00012782940798359492,-1.493346858570302
28854750.0,-0.14889686042594016,0.42516288205797514,-0.02175512225303741,-0.04703289895634966,-0.0001287690594287465,-1.479360159296572
29220000.0,-0.14936573925657898,0.4191913116478921,-0.022937978458473247,-0.046989578199495174,-0.0001286504536604933,-1.4644497033397874
29585250.0,-0.14985318655041827,0.4134090794125502,-0.02411440606224862,-0.04661588066442751,-0.00012762732556995896,-1.4495478242180888
29950500.0,-0.14948356931537946,0.4080645311786094,-0.02523111810565426,-0.04610762302706473,-0.00012623579199743938,-1.4391738323516965
30315750.0,-0.14779959928664324,0.40351818097768277,-0.026269862825728862,-0.04559869647704887,-0.00012484242704188602,-1.4357803074950877
30681000.0,-0.14242961127103823,0.40028439709207475,-0.027072334872611764,-0.04555344377280396,-0.00012471853188994925,-1.4517426266214402
31046250.0,-0.12800217852607257,0.3992472744665922,-0.02724823908275402,-0.046860840547915866,-0.00012829798917978334,-1.5123214721108433
31411500.0,,,,,,
31776750.0,,,,,,
32142000.0,,,,,,
32507250.0,,,,,,
32872500.0,,,,,,
33237750.0,,,,,,
33603000.0,,,,,,
33968250.0,,,,,,
34333500.0,,,,,,
34698750.0,,,,,,
35064000.0,,,,,,
35429250.0,,,,,,
35794500.0,,,,,,
36159750.0,,,,,,
36525000.0,,,,,,
36890250.0,,,,,,
37255500.0,,,,,,
37620750.0,,,,,,
37986000.0,,,,,,
38351250.0,-0.4427844839128332,-0.08966647013697933,-0.025993062016511175,0.040580837921193075,0.00011110427904501869,1.4069888923744216
38716500.0,-0.4361543737831953,-0.1474558078392528,-0.014670679679150265,0.044738161041713416,0.00012248640942289779,1.5934500989243625
39081750.0,-0.42151986944614417,-0.18005561611780543,-0.005651829691763326,0.04617414364936835,0.00012641791553557385,1.6718059693412044
39447000.0,-0.4017460797548068,-0.20068718531894067,0.0026645304696654684,0.04627774330473027,0.0001267015559335531,1.6963222652598597
39812250.0,-0.377795703258066,-0.21235101403237414,0.010506387863391359,0.04540006622632979,0.00012429860705360656,1.6800557311796682
40177500.0,-0.3502281441837091,-0.21661741612564958,0.017914308490014783,0.04371470206274098,0.00011968433145172069,1.629363981576073
40542750.0,-0.3195874926791797,-0.21451143351009025,0.024852236006815527,0.04134368093637069,0.00011319282939458094,1.5486119340364566
40908000.0,-0.2862032364281189,-0.20699092047514156,0.03128807230373465,0.038374731869289885,0.00010506428985431864,1.4408419274358126
41273250.0,-0.2504824925339463,-0.19491656876273392,0.03716267220959412,0.03488417243962037,9.55076589722666e-05,1.3088937136083836
41638500.0,-0.212763499792874,-0.17912628585401824,0.04242594245197685,0.030940897558720235,8.471156073571591e-05,1.1551420487452606
42003750.0,-0.17334149547181296,-0.16048212280987736,0.04702457450695388,0.026602743288191337,7.283434165144788e-05,0.9817735455718786
42369000.0,-0.1325878943790623,-0.13985429124911905,0.05090653431993068,0.021934571930326562,6.0053585024850276e-05,0.7911177533899159
42734250.0,-0.09075910050281163,-0.11806327693940119,0.0540264218618695,0.016986898084984846,4.650759229290855e-05,0.5851032350051157
43099500.0,-0.04823846639626638,-0.09598913381900719,0.05633624891755851,0.01182385649104117,3.2371954800934076e-05,0.36621745177455434
43464750.0,-0.005293364347570531,-0.07446619752246718,0.057798311735822366,0.006500353572042585,1.7796998143853757e-05,0.13646512937875271
43830000.0,0.03767674180056225,-0.05426614715779879,0.05837332167076688,0.001079663363585708,2.9559571898308226e-06,-0.10140675356935852
44195250.0,0.08037269239511904,-0.036187994573394174,0.058030648772094136,-0.004375814630936699,-1.1980327531654207e-05,-0.34499154675075805
44560500.0,0.12234625610755223,-0.020922694334395527,0.056744661258042735,-0.009791848229147075,-2.6808619381648392e-05,-0.5910383360863234
44925750.0,0.16325183208820404,-0.009085859024513216,0.054493731551749774,-0.015099720483584067,-4.1340781611455355e-05,-0.8364363300423259
45291000.0,0.20258689496270046,-0.0012300694680260206,0.051269158005810556,-0.0202123199496071,-5.5338316083797676e-05,-1.077234046030672
45656250.0,0.2398608429187397,0.002252100603536507,0.04707076964281232,-0.025038700148856945,-6.855222491131265e-05,-1.3089774478453369
46021500.0,0.27456017796684973,0.0010834189710121015,0.04190582754724941,-0.029484743762884097,-8.072482891960054e-05,-1.526800856785409
46386750.0,0.305991785613656,-0.004819234573530446,0.0358133714797594,-0.03343094147396142,-9.152892942905247e-05,-1.7245208757258965
46752000.0,0.3335546003124147,-0.015362273918114766,0.028827336950168564,-0.036766399888498114,-0.00010066091687473816,-1.8957035030410396
47117250.0,0.35638953306680404,-0.030178508300618308,0.02103920572917835,-0.0393525918154724,-0.0001077415244776794,-2.0321802174274315
47482500.0,0.37369841288468114,-0.04869339091641383,0.012538171262972327,-0.041051987944748916,-0.00011239421750786836,-2.1253454321811214
47847750.0,0.38448191420657113,-0.06998502927116548,0.003475015618498258,-0.041718772402318,-0.00011421977385987132,-2.164961672699281
48213000.0,0.3876811780544977,-0.09281978119374504,-0.005956647225805818,-0.04120320233907539,-0.00011280821995640078,-2.1399609129911394
48578250.0,0.38210880266000724,-0.11563842605165849,-0.015527345931109663,-0.03936328744762088,-0.000107770807522576,-2.0380921478719616
48943500.0,0.36647009924395957,-0.13645805175971992,-0.024905286449630273,-0.0360760639079121,-9.877087996690513e-05,-1.8465202444081852
49308750.0,0.33924807825446635,-0.1528767574329832,-0.033710198479326714,-0.031244600162508688,-8.554305314855219e-05,-1.5518078271339792
49674000.0,0.29871185775287923,-0.16205968030977527,-0.041437935441485066,-0.02481316916071026,-6.793475471789257e-05,-1.1398526191527578
50039250.0,0.2424600449626625,-0.16039245614312872,-0.04742774627860635,-0.016768743505731817,-4.5910317606384165e-05,-0.595942219222154
50404500.0,0.16600578550427383,-0.1427565397029947,-0.050718953544932034,-0.007041790033999867,-1.9279370387405523e-05,0.10395237085060921
50769750.0,0.05365937194358034,-0.09688932177816274,-0.049123470356193036,0.0051803600514607785,1.4183052844519586e-05,1.044679441942392
51135000.0,,,,,,
51500250.0,,,,,,
51865500.0,,,,,,
52230750.0,,,,,,
52596000.0,,,,,,
52961250.0,,,,,,
53326500.0,,,,,,
53691750.0,,,,,,
54057000.0,,,,,,
54422250.0,,,,,,
54787500.0,,,,,,
55152750.0,,,,,,
55518000.0,,,,,,
55883250.0,,,,,,
56248500.0,,,,,,
56613750.0,,,,,,
56979000.0,,,,,,
57344250.0,,,,,,
57709500.0,,,,,,
58074750.0,,,,,,
58440000.0,,,,,,
58805250.0,,,,,,
59170500.0,,,,,,
59535750.0,,,,,,
59901000.0,,,,,,
60266250.0,,,,,,
60631500.0,,,,,,
60996750.0,,,,,,
61362000.0,,,,,,
61727250.0,,,,,,
62092500.0,,,,,,
62457750.0,,,,,,
62823000.0,,,,,,
63188250.0,,,,,,
63553500.0,,,,,,
63918750.0,-0.11873594565039768,-0.13256517602169926,0.04226472636501389,0.019872970442013187,5.4409227767318786e-05,-1.9179387288769496
64284000.0,-0.17905112579893293,-0.06426364093987152,0.04963671020106221,0.018971743439373766,5.194180270875774e-05,-1.7508423000222482
64649250.0,-0.21559733162573283,-0.026213259716165643,0.053343417505305885,0.018859210979327964,5.163370562444343e-05,-1.6612054524150195
65014500.0,-0.24221676151670019,-0.0009913625403907562,0.05558820287841957,0.019127426055937636,5.236803848305992e-05,-1.6088930931865044
65379750.0,-0.26326589919965393,0.01705240110397912,0.05703556575879487,0.019634679236258626,5.3756822002077006e-05,-1.57911513953419
65745000.0,-0.2803921338236583,0.030044435041984403,0.05794153374036756,0.020323366434724602,5.564234479048488e-05,-1.5656866265986678
66110250.0,-0.29462895220868773,0.03937341239964026,0.058460486002485997,0.021156176736683383,5.792245513123445e-05,-1.5644384307968082
66475500.0,-0.3067061560966211,0.046107688713573326,0.05870001385653868,0.02210066088152658,6.050831179062718e-05,-1.5719962072404092
66840750.0,-0.316820964738409,0.050475533250775674,0.05869329759983537,0.02315177835612094,6.338611459581367e-05,-1.587481172856279
67206000.0,-0.3253772742611304,0.05313450511353426,0.05850133281542074,0.0242878349738795,6.649646810097056e-05,-1.608831151367394
67571250.0,-0.3325487523694845,0.054369024036507646,0.0581511994744009,0.02549992300437037,6.981498426932339e-05,-1.6350959668077079
67936500.0,-0.33850482721213043,0.054475569203164,0.057671144556457735,0.026776258550030813,7.330940054765452e-05,-1.6652762664449834
68301750.0,-0.34331225268348975,0.053588098642356675,0.05707375437807954,0.028113541282875004,7.697068113039016e-05,-1.6990358036326099
68667000.0,-0.34720700448971037,0.05216293924826493,0.05639632133879779,0.02949014874578372,8.07396269562867e-05,-1.734842047887665
69032250.0,-0.3501736486534546,0.05019676352994898,0.05564142140997186,0.03090586408735044,8.461564431855015e-05,-1.772794152537998
69397500.0,-0.35238057341161666,0.048036115807483994,0.05483645295072255,0.03234255681336085,8.854909462932472e-05,-1.811743087419359
69762750.0,-0.3539427795099724,0.04595295449095767,0.054006394986566814,0.033781138120708855,9.248771559400098e-05,-1.8507658602229502
70128000.0,-0.35485620348077357,0.04396208874557647,0.0531530693663527,0.03521681038036895,9.64183720201751e-05,-1.8897482426040235
70493250.0,-0.35544390531603975,0.04282955370901626,0.05234286493017489,0.03659631182174231,0.00010019524112728902,-1.9260289504132697
70858500.0,-0.3555628075278606,0.04228155707224515,0.05155443982760378,0.03792282766127885,0.00010382704356270732,-1.9601211693356366
71223750.0,-0.3556199580640997,0.04343157181519935,0.05088503249077672,0.03910715253900454,0.00010706954836140873,-1.9879235249642517
71589000.0,-0.35564954642887575,0.04659738994837013,0.05036178425530542,0.04009492496244944,0.00010977392186844472,-2.0073161983923447
71954250.0,-0.3558129858885237,0.05266690331113528,0.05005715237899385,0.04077679400977106,0.00011164077757637525,-2.0138066475955947
72319500.0,-0.3565640946428815,0.06402572475315432,0.05015797335679517,0.04088226841412088,0.0001119295507573467,-1.995854644163995
72684750.0,-0.35787485002984804,0.0832668673383522,0.05082251354630323,0.0400307117508291,0.0001095981156764657,-1.9375078564276773
73050000.0,-0.3599862972923349,0.1211162053177316,0.0526924176678633,0.036802398677746005,0.0001007594761882163,-1.7779236466077293
73415250.0,,,,,,
73780500.0,,,,,,
74145750.0,,,,,,
74511000.0,,,,,,
74876250.0,,,,,,
75241500.0,,,,,,
75606750.0,,,,,,
75972000.0,,,,,,
76337250.0,,,,,,
76702500.0,,,,,,
77067750.0,,,,,,
77433000.0,,,,,,
77798250.0,,,,,,
78163500.0,,,,,,
78528750.0,,,,,,
78894000.0,,,,,,
79259250.0,,,,,,
79624500.0,,,,,,
79989750.0,,,,,,
80355000.0,,,,,,
80720250.0,,,,,,
81085500.0,,,,,,
81450750.0,,,,,,
81816000.0,,,,,,
82181250.0,,,,,,
82546500.0,,,,,,
82911750.0,,,,,,
83277000.0,,,,,,
83642250.0,,,,,,
84007500.0,,,,,,
84372750.0,,,,,,
84738000.0,,,,,,
85103250.0,,,,,,
85468500.0,,,,,,
85833750.0,0.4257501878883167,0.07928942597240186,-0.026508161938702538,-0.042597112675512284,-0.00011662453846820611,1.8111847010306166
86199000.0,0.4232569152843441,0.12352428803243165,-0.011814130066636173,-0.04614026208581834,-0.0001263251528701392,2.0080247862611413
86564250.0,0.40668226969709087,0.1474347960847398,0.0006914636665078064,-0.04667725731189075,-0.00012779536567252773,2.062291668997573
86929500.0,0.3815590978407794,0.1586064434284396,0.011909584486191128,-0.04543271436253944,-0.00012438799277902652,2.0307267045578588
87294750.0,0.3500906013855483,0.1601546600348923,0.02203294441097874,-0.042890372286450144,-0.0001174274395248464,1.9352175075945808
87660000.0,0.3137184172684627,0.1540509609865293,0.03106259513376761,-0.03934810726342769,-0.00010772924644333385,1.7890825417324459
88025250.0,0.27343555584274043,0.14193441702012186,0.038977962389940404,-0.035020371147523106,-9.588055071190446e-05,1.6018442651155307
88390500.0,0.23005418985881038,0.1253281195854368,0.04573817249296915,-0.030080726982066052,-8.235654204535537e-05,1.3810756986748427
88755750.0,0.18434737194169373,0.1056732916813739,0.0512971151537845,-0.02468757661612955,-6.759090107085435e-05,1.1337443556106535
89121000.0,0.13686638663516587,0.08432725525882515,0.0556282301285117,-0.01896786885615564,-5.193119467804418e-05,0.8654386789512505
89486250.0,0.08827429212288933,0.06266583344132777,0.058699241807908836,-0.01305608268650359,-3.574560626010565e-05,0.582053389180438
89851500.0,0.03907475623116285,0.0419445478498782,0.060499099819464906,-0.007066671066612038,-1.9347490942127415e-05,0.2886916644498105
90216750.0,-0.010199650634593634,0.023340711757027392,0.0610211854853891,-0.0011111060286523383,-3.0420425151330274e-06,-0.009546124570939403
90582000.0,-0.059000408053075895,0.007950449752677611,0.06027372383322663,0.004696663425058772,1.2858763655191711e-05,-0.30739230737650813
90947250.0,-0.10683666589912234,-0.003306185593685716,0.05827697320626605,0.010255005173110433,2.807667398524417e-05,-0.5998947436425776
91312500.0,-0.15317423916754164,-0.009666515641991391,0.05506382900599649,0.015459900075607559,4.232689959098579e-05,-0.881735100834282
91677750.0,-0.1974471375940372,-0.010553102144919727,0.05068471037186809,0.020210000644175986,5.5331966171597496e-05,-1.1474700077579194
92043000.0,-0.23911436937472363,-0.005637603675629695,0.04520233524861583,0.024409405823818557,6.682931094816853e-05,-1.391513765142317
92408250.0,-0.27752897356131195,0.005160487007599852,0.03870354190849718,0.027962961790109396,7.655841694759588e-05,-1.6077586188485828
92773500.0,-0.3120743090065372,0.02164741823276732,0.031288228123670186,0.030782826360930975,8.427878538242567e-05,-1.790094589428214
93138750.0,-0.3420291927162146,0.0433097460517744,0.023084967901199054,0.032785784895930814,8.976258698406793e-05,-1.9318014778953714
93504000.0,-0.36662211824707963,0.06929894115332454,0.014247339750749379,0.0339007997287397,9.281533122173773e-05,-2.02595709857613
93869250.0,-0.38505284294679365,0.09846571949670326,0.004947984821182687,0.0340641169410561,9.326246938003038e-05,-2.0654604562116856
94234500.0,-0.3963694712056079,0.12924419831106868,-0.004596594008908558,0.03323475998535632,9.099181378605426e-05,-2.042765226263827
94599750.0,-0.39956149148044806,0.15972879528764392,-0.014147886812522416,0.03138620993598394,8.5930759578327e-05,-1.9503844788842677
94965000.0,-0.39341970523267955,0.1876353026259187,-0.023430604812330117,0.02851255533426243,7.806312206505799e-05,-1.7801736204849863
95330250.0,-0.37640952825673935,0.21016176783883075,-0.03211733864605733,0.024631624804940334,6.743771336054849e-05,-1.5233921280631078
95695500.0,-0.3462991676179187,0.22382703432840093,-0.03983266672113357,0.019758576039159773,5.409603296142306e-05,-1.1683144435944002
96060750.0,-0.29877186693004953,0.22365198444873388,-0.0460915311281001,0.013831657375370959,3.7869014032500916e-05,-0.6923355556164295
96426000.0,-0.2192944587150657,0.19788948767149298,-0.050020743351666945,0.006215345835117711,1.7016689486975253e-05,-0.01377806775740098
96791250.0,,,,,,
97156500.0,,,,,,
97521750.0,,,,,,
97887000.0,,,,,,
98252250.0,,,,,,
98617500.0,,,,,,
98982750.0,,,,,,
99348000.0,,,,,,
99713250.0,,,,,,
100078500.0,,,,,,
100443750.0,,,,,,
100809000.0,,,,,,
101174250.0,,,,,,
101539500.0,,,,,,
101904750.0,,,,,,
102270000.0,,,,,,
102635250.0,,,,,,
103000500.0,,,,,,
103365750.0,,,,,,
103731000.0,,,,,,
104096250.0,,,,,,
104461500.0,,,,,,
104826750.0,,,,,,
105192000.0,,,,,,
105557250.0,,,,,,
105922500.0,0.3773471281950016,-0.4559611682841835,0.04556499857626661,0.014840479563966164,4.0631018655622624e-05,0.8518332989858264
106287750.0,0.3784239874111636,-0.4837999837860217,0.04473491352839186,0.017576115531774576,4.8120781743393773e-05,0.9826238081721534
106653000.0,0.37863441830587513,-0.500327226822227,0.044526985568124455,0.018951586727778608,5.188661664005094e-05,1.02421554489254
107018250.0,0.37886720025310644,-0.5124263469148904,0.04463758771962611,0.019731705116525666,5.4022464384738304e-05,1.030586798849154
107383500.0,0.379238252831357,-0.5217830790060446,0.044949054264751744,0.02013296201256999,5.512104589341544e-05,1.0175669388352226
107748750.0,0.37966246470389425,-0.5290935327920512,0.04538778989372581,0.02026634579293551,5.548623078147984e-05,0.9929136586881777
108114000.0,0.38005296336563354,-0.534670553594931,0.04590360340674538,0.020196897213937602,5.5296090934805205e-05,0.9608708645208158
108479250.0,0.3803801240276282,-0.5385915779765647,0.04647530196244822,0.01995186896724212,5.462524015672038e-05,0.9233542389328604
108844500.0,0.3805619723933513,-0.540963702962338,0.047075759842956574,0.019564991992016022,5.356602872557432e-05,0.8821890434049962
109209750.0,0.3805098438795818,-0.5418793210032605,0.0476833598720064,0.019065967423111424,5.219977391680061e-05,0.8387854623037337
109575000.0,0.38026997267584983,-0.5412706533943505,0.04829761418476743,0.01845235122214391,5.051978431798469e-05,0.7930815376377798
109940250.0,0.37970397352611934,-0.5392995034879112,0.04889523414699975,0.01776099408893789,4.8626951646647205e-05,0.7465234694643468
110305500.0,0.3788877615211722,-0.5359147485447974,0.04947846319280574,0.01698488587213738,4.6502083154380235e-05,0.6987367891572941
110670750.0,0.37770693241125314,-0.5312392912796164,0.05003423921846653,0.016150842296954227,4.4218596295562565e-05,0.6506627182968394
111036000.0,0.3761958200735225,-0.5253210815091081,0.05055876954287416,0.015262191147357029,4.178560204615203e-05,0.6022476141172549
111401250.0,0.374376234821507,-0.5181703454907275,0.05105239548019857,0.014319476875206322,3.920459103410355e-05,0.5533944225593959
111766500.0,0.3721249563486449,-0.5100027277185486,0.051502755347536316,0.013354364519763288,3.656225741208293e-05,0.5051121268602782
112131750.0,0.36952627240968006,-0.5008110558125817,0.05191288224559934,0.012357653435951915,3.383341118672667e-05,0.45689516270171776
112497000.0,0.3665810004576932,-0.4906722822892764,0.0522811920162419,0.011335069509562427,3.103372897895257e-05,0.4088089297427918
112862250.0,0.36311604483150806,-0.4798933424643294,0.052598090681087215,0.010329390456233987,2.8280329791195038e-05,0.36224261905922456
113227500.0,0.35931927645954637,-0.46834998652464144,0.05287004887866276,0.009309322863293746,2.5487536928935647e-05,0.31591116785567064
113592750.0,0.35497533180715235,-0.45640085842150324,0.0530909648091351,0.008326494054082091,2.2796698300019415e-05,0.27152503622615326
113958000.0,0.3501291569418986,-0.4440947630114492,0.05326072430933189,0.007379205490888913,2.0203163561639733e-05,0.22885285599306346
114323250.0,0.344721731666197,-0.43159787827382734,0.053380341536587744,0.00648770007125612,1.7762354746765556e-05,0.1884823776180576
114688500.0,0.33857182087830223,-0.4192150545809585,0.05344741978190978,0.00569849288521007,1.560162323123907e-05,0.15187910277252525
115053750.0,0.3316641145482138,-0.4070316134506068,0.05346278181526196,0.0050222385542342705,1.3750139778875485e-05,0.11925718297789438
115419000.0,0.32366350327497817,-0.3954823425127578,0.05342427662300224,0.004539684469051217,1.242897869692325e-05,0.09325826249640631
115784250.0,0.3143169329051264,-0.3848327568765852,0.05332868907786677,0.004309650674456939,1.1799180491326322e-05,0.0757013073772517
116149500.0,0.30303170466977863,-0.37564358292621786,0.053165728347829844,0.004463580309624898,1.2220616864133875e-05,0.07087910220720184
116514750.0,0.28871253366160193,-0.36875167988092983,0.05290919703537282,0.005225991556169706,1.4307985095604944e-05,0.08615578948672278
116880000.0,0.2691123778772863,-0.36558161696347097,0.05248175890905533,0.00702778590761494,1.924102917895945e-05,0.13571269612143855
117245250.0,0.237389989077992,-0.36984651084105463,0.05158100000499157,0.011100791451287917,3.0392310612697926e-05,0.26039390929587414
117610500.0,,,,,,
117975750.0,,,,,,
118341000.0,,,,,,
118706250.0,,,,,,
119071500.0,,,,,,
119436750.0,,,,,,
119802000.0,,,,,,
120167250.0,,,,,,
120532500.0,,,,,,
120897750.0,,,,,,
121263000.0,,,,,,
121628250.0,,,,,,
121993500.0,,,,,,
122358750.0,,,,,,
122724000.0,,,,,,
123089250.0,,,,,,
123454500.0,,,,,,
123819750.0,,,,,,
124185000.0,,,,,,
124550250.0,,,,,,
124915500.0,,,,,,
125280750.0,,,,,,
125646000.0,,,,,,
126011250.0,,,,,,
126376500.0,,,,,,
126741750.0,,,,,,
127107000.0,,,,,,
127472250.0,,,,,,
127837500.0,,,,,,
128202750.0,,,,,,
128568000.0,0.0368510373272302,0.03424446426128088,-0.056092839797437954,-0.008269129164247572,-2.263964179123223e-05,-0.7030950262822819
128933250.0,-0.1101954599706628,0.014840242164536202,-0.05613010726287128,0.010090098786938655,2.7625184906060658e-05,0.35547661371574085
129298500.0,-0.1939241511736316,0.004293729029766986,-0.05135985206420219,0.019904858573397015,5.4496532712928174e-05,0.9863667410830732
129663750.0,-0.2587646980071046,0.00010834051831903518,-0.04427047204144684,0.02662737423436336,7.290177750681276e-05,1.4756037144526475
130029000.0,-0.3097965646703437,0.0018516650932929439,-0.035576333609234415,0.031034645294939673,8.496822804911615e-05,1.8533788967503018
130394250.0,-0.3490376453637418,0.008976743261049813,-0.025741721970471074,0.03354932382078596,9.185304263048859e-05,2.132062939618326
130759500.0,-0.37749249018986775,0.02075620649293194,-0.015160236223567396,0.034475453486744405,9.438864746541931e-05,2.318516039265622
131124750.0,-0.3958536031306805,0.0362535636580204,-0.004201136509003449,0.03407440909607795,9.329064776475825e-05,2.418389136679034
131490000.0,-0.40472283032819595,0.05443671761436391,0.006825868800842159,0.03258485660904361,8.92124753156567e-05,2.437816732306256
131855250.0,-0.40467175386025017,0.0741290143564332,0.017622422817377005,0.030225413288256685,8.275267156264663e-05,2.382919779984254
132220500.0,-0.39627042345450986,0.09412939234715183,0.0279174990531826,0.027197964967224694,7.446396979390745e-05,2.260568942390659
132585750.0,-0.38009498922974394,0.11322448482886845,0.037478390498880805,0.023681123810709116,6.48353834653227e-05,2.077649345394665
132951000.0,-0.3567630168704249,0.13020855716461727,0.046084173884160765,0.019840697952601717,5.4320870506780885e-05,1.8416041541073267
133316250.0,-0.326884022899823,0.14396477602708416,0.05354994401970426,0.015820091876484796,4.331305099653606e-05,1.5599911990971587
133681500.0,-0.29108363762405537,0.153457217546091,0.05971343285099764,0.011744738402155779,3.215534127900281e-05,1.2403366969549707
134046750.0,-0.2500473697176559,0.15776944264137466,0.06443360133521236,0.007728883866696669,2.1160530778088074e-05,0.8907534013248096
134412000.0,-0.20437832257636349,0.15614702187768775,0.06760229409741886,0.0038607790613370604,1.0570236992024806e-05,0.5187250780735213
134777250.0,-0.1548311253454304,0.14799687893415908,0.0691252459822647,0.00022729488522530268,6.222994804251956e-07,0.13274483365356873
135142500.0,-0.10206388383912322,0.13291138888143186,0.06894067174299742,-0.00310789941337308,-8.508964855230884e-06,-0.2592441859651923
135507750.0,-0.04679652896829926,0.110688717111092,0.06700320877882636,-0.006089664845741686,-1.6672593691284562e-05,-0.6489044264777645
135873000.0,0.010152888966609612,0.08137675456698526,0.0632954414265698,-0.008669815581856595,-2.3736661415076237e-05,-1.027152585533765
136238250.0,0.0680294411837953,0.045215760039556394,0.05781866802599611,-0.010816006160367661,-2.9612610979788257e-05,-1.3851564265802292
136603500.0,0.12598298220582185,0.0027039027302073583,0.050589607816693014,-0.01250073441845795,-3.422514556730445e-05,-1.713154372865062
136968750.0,0.18304563570136717,-0.04535064858874736,0.041652498931037965,-0.013705701997257212,-3.752416700138867e-05,-2.000407618765432
137334000.0,0.23825119009579526,-0.09795200760535742,0.031040839076267267,-0.014418601786914042,-3.9475980251646934e-05,-2.235135728850752
137699250.0,0.2903985835362679,-0.15372944069133176,0.018787699192886528,-0.014629977632300799,-4.005469577631978e-05,-2.4027359067909058
138064500.0,0.3380972328730667,-0.21103063944274186,0.004839050044510084,-0.014328147562101932,-3.922833008104567e-05,-2.483750267832934
138429750.0,0.37940358754156506,-0.2678587428750241,-0.011160778849830284,-0.013465399393641865,-3.68662543289305e-05,-2.444144748278286
138795000.0,0.41003612580431037,-0.3218803381114888,-0.03146601135773832,-0.011761121891851764,-3.220019682916294e-05,-2.1743143368840565
139160250.0,,,,,,
139525500.0,,,,,,
139890750.0,,,,,,
140256000.0,,,,,,
140621250.0,,,,,,
140986500.0,,,,,,
141351750.0,,,,,,
141717000.0,,,,,,
142082250.0,,,,,,
142447500.0,,,,,,
142812750.0,,,,,,
143178000.0,,,,,,
143543250.0,,,,,,
143908500.0,,,,,,
144273750.0,,,,,,
144639000.0,,,,,,
145004250.0,,,,,,
145369500.0,,,,,,
145734750.0,,,,,,
146100000.0,,,,,,
146465250.0,,,,,,
146830500.0,,,,,,
147195750.0,,,,,,
147561000.0,,,,,,
147926250.0,,,,,,
148291500.0,,,,,,
148656750.0,,,,,,
149022000.0,,,,,,
149387250.0,,,,,,
149752500.0,,,,,,
150117750.0,,,,,,
150483000.0,,,,,,
150848250.0,,,,,,
151213500.0,,,,,,
151578750.0,,,,,,
151944000.0,,,,,,
152309250.0,,,,,,
152674500.0,,,,,,
153039750.0,-0.380210448705098,0.3900312213936692,0.06445098362695788,-0.005201736181025589,-1.4241577497674438e-05,0.33216179853740524
153405000.0,-0.38365904397593104,0.4537248525457082,0.06364998133305184,-0.01176938718214211,-3.222282596069024e-05,0.7787961769831668
153770250.0,-0.3829860828464068,0.4755117164728884,0.06327263254778648,-0.01392917131336244,-3.813599264438725e-05,0.9096079694932598
154135500.0,-0.38259412595586484,0.4878492966365785,0.06324958931632607,-0.014948916829455086,-4.092790370829592e-05,0.959958310517777
154500750.0,-0.3826568113404347,0.49570947501555923,0.0634477772879587,-0.015396048951492988,-4.215208474056944e-05,0.9714736602102914
154866000.0,-0.38319331521095046,0.5005650177546678,0.06380650412876508,-0.015450908467539392,-4.230228190975877e-05,0.9579317273565482
155231250.0,-0.3839653010734513,0.5034538041665708,0.06424538142026102,-0.01526467526421895,-4.179240318745777e-05,0.9299994703915238
155596500.0,-0.38497356391659043,0.5045678798700627,0.06474254467309912,-0.01486859445044962,-4.0707993019711485e-05,0.8903722215353705
155961750.0,-0.3860242935385765,0.5043073646497481,0.06525340899225895,-0.014331839055481589,-3.923843683910086e-05,0.843682284286007
156327000.0,-0.38710173545178067,0.5027333411240549,0.06576167375935278,-0.013668394586468464,-3.742202487739484e-05,0.7910427552187423
156692250.0,-0.3881281739827516,0.499958248549358,0.0662492123229524,-0.01290177673827735,-3.532313959829527e-05,0.7340507149841211
157057500.0,-0.38899187952319103,0.4961665468718081,0.06669487762224369,-0.012064293635425574,-3.3030235825942704e-05,0.6746383345326259
157422750.0,-0.38969695487746403,0.4913565851067222,0.06709216467648395,-0.011157044518069802,-3.0546323115865304e-05,0.6129336160147673
157788000.0,-0.39020311050754103,0.48557681969843514,0.0674347126628806,-0.010189779093417213,-2.7898094711614544e-05,0.5495471991187095
158153250.0,-0.390381114542799,0.4791080594139035,0.06770505572188401,-0.009202314939454332,-2.5194565200422536e-05,0.4865746742651961
158518500.0,-0.3903261643474018,0.4717620260260769,0.06791055459698342,-0.008166596878151485,-2.2358923691037607e-05,0.42254689904507686
158883750.0,-0.3898933176897333,0.4638644773011899,0.0680393171599397,-0.0071272917996323066,-1.951346146374348e-05,0.35974729700429126
159249000.0,-0.38908964737306795,0.4554459109684957,0.06809163825606399,-0.006085158444130819,-1.6660255836087117e-05,0.2981294109046142
159614250.0,-0.38790613661406986,0.44655975903929124,0.06806832071742641,-0.005045094902582166,-1.3812717050190735e-05,0.23788700639959723
159979500.0,-0.38624614868973806,0.43746214197203537,0.06796818381096677,-0.004039909165394485,-1.1060668488417481e-05,0.18052867268683565
160344750.0,-0.384108537941912,0.4282273006952668,0.06779292258634075,-0.00307597769102279,-8.421567942567529e-06,0.1262311442744803
160710000.0,-0.38139823371766296,0.4190778160649062,0.06754603456798394,-0.0021845758297713166,-5.981042655089162e-06,0.07633787925400586
161075250.0,-0.3780429613284751,0.4102385699206105,0.06723059484842635,-0.0013954718501806703,-3.820593703437838e-06,0.03203424029532609
161440500.0,-0.3739503850033867,0.4019054047756937,0.06685041813415236,-0.0007400713720674251,-2.026204988548734e-06,-0.005467803158429971
161805750.0,-0.36884696842539866,0.3946195580591562,0.06640991644414992,-0.0003054760072530683,-8.363477269077845e-07,-0.03253470292836866
162171000.0,-0.36254255632461563,0.3886369036515407,0.06590940139940747,-0.00014559444793858878,-3.9861587389072906e-07,-0.04718757980412053
162536250.0,-0.35451533469721436,0.38469962524419044,0.06534559768300932,-0.0004051585367214033,-1.1092636186759845e-06,-0.04357284330507627
162901500.0,-0.3436568318548844,0.38414760933095116,0.06469166413571474,-0.0013648574257513655,-3.7367759774164695e-06,-0.010296200222409069
163266750.0,-0.3279088019097299,0.3888423637254035,0.06385834700934977,-0.003486148188408702,-9.544553561693914e-06,0.07122134031023702
163632000.0,-0.29953704144995524,0.4050800989612885,0.062419651798277596,-0.008386237216380757,-2.2960266163944577e-05,0.26733473424924326
163997250.0,,,,,,
164362500.0,,,,,,
164727750.0,,,,,,
165093000.0,,,,,,
165458250.0,,,,,,
165823500.0,,,,,,
166188750.0,,,,,,
166554000.0,,,,,,
166919250.0,,,,,,
167284500.0,,,,,,
167649750.0,,,,,,
168015000.0,,,,,,
168380250.0,,,,,,
168745500.0,,,,,,
169110750.0,,,,,,
169476000.0,,,,,,
169841250.0,,,,,,
170206500.0,,,,,,
170571750.0,,,,,,
170937000.0,,,,,,
171302250.0,,,,,,
171667500.0,,,,,,
172032750.0,,,,,,
172398000.0,,,,,,
172763250.0,,,,,,
173128500.0,,,,,,
173493750.0,,,,,,
173859000.0,,,,,,
174224250.0,,,,,,
174589500.0,,,,,,
174954750.0,,,,,,
175320000.0,,,,,,
175685250.0,0.14715946336854932,-0.08376666707551864,-0.05073110902275768,-0.005727078668390195,-1.567988684021956e-05,0.08339269091395166
176050500.0,0.2489811394560583,-0.03912348099441387,-0.045797161087720896,-0.021258752065265063,-5.8203291075332137e-05,0.7814406277596615
176415750.0,0.30949074680366623,-0.008038990490170008,-0.038976850464407624,-0.03048641776912789,-8.346726288604487e-05,1.2226561839884529
176781000.0,0.3513587164567883,0.014383380915010397,-0.0310655452485481,-0.036590441705845037,-0.0001001791696258591,1.5381188459005524
177146250.0,0.37960435509842566,0.02906960243815413,-0.022510403349057195,-0.04034968711319416,-0.00011047142262339263,1.7567641885226715
177511500.0,0.3965871590197304,0.036652665397951,-0.013648219893664623,-0.042195531875379215,-0.00011552507015846465,1.8933429076545087
177876750.0,0.40380684982958526,0.03783221282151124,-0.004748500554656776,-0.04244661033516476,-0.00011621248551722043,1.9581921892974983
178242000.0,0.40239695150024724,0.03343235561490464,0.0039547781964345,-0.04136895475048168,-0.00011326202532643855,1.9599225369008222
178607250.0,0.39331294998309585,0.024393535852461873,0.012264157176403416,-0.0392009116855158,-0.00010732624691448542,1.9064864575519318
178972500.0,0.3774013692178297,0.011762995575156764,0.020020929478452475,-0.03615549048597883,-9.898833808618434e-05,1.80513926430333
179337750.0,0.3554740107585231,-0.003335643891829101,0.02708308106717785,-0.03243275242633831,-8.879603675931091e-05,1.663059086635102
179703000.0,0.3282448131136013,-0.019796995686913187,0.03334830915831488,-0.028205649411766846,-7.722285944357795e-05,1.4867839722423795
180068250.0,0.29643965366620256,-0.03644119665676873,0.0387261896029568,-0.023641058600292694,-6.472569089744749e-05,1.2827130447761714
180433500.0,0.26072573021573403,-0.052185137086286,0.043154930524542,-0.018883113433375818,-5.169914697707274e-05,1.056877742376299
180798750.0,0.22172741438166313,-0.06600582441965927,0.04659169393819853,-0.014058831609356781,-3.849098318783513e-05,0.814814122107657
181164000.0,0.18008933686538178,-0.0769138104501612,0.049007175695296404,-0.009290553213455545,-2.5436148428351937e-05,0.5620339169756087
181529250.0,0.13637653249165724,-0.08410556907317958,0.05039566332578775,-0.004674759936006817,-1.2798795170449875e-05,0.30345794516183816
181894500.0,0.09117453215808875,-0.08686684948415851,0.050759615493984715,-0.00030276148643377306,-8.289157739459906e-07,0.043872300794027125
182259750.0,0.04504311173233155,-0.08464496085848763,0.05012009668093286,0.00374808579225984,1.0261699636577248e-05,-0.21213659539372745
182625000.0,-0.001492043735254755,-0.0770581039429023,0.04850939134409716,0.007414649146095624,2.030020300094627e-05,-0.46039600249870377
182990250.0,-0.04787227994581223,-0.06391117709972118,0.045971327553277784,0.010641411607946573,2.9134597147013206e-05,-0.6966866505357401
183355500.0,-0.09359561568942801,-0.04517967077786461,0.04256357806919975,0.013387804342607924,3.665381065737967e-05,-0.917210890008242
183720750.0,-0.13812784756085875,-0.02105494717801941,0.038351912996603385,0.015621208610509092,4.276853829023708e-05,-1.1181729474158888
184086000.0,-0.18093812139398355,0.008066830316862164,0.033416958278561594,0.017321977582560943,4.742498995909909e-05,-1.2959303451318238
184451250.0,-0.2215238061001245,0.041613499790439525,0.02784455219384013,0.018481069357191248,5.059841028662902e-05,-1.4471515992265414
184816500.0,-0.2593375718427386,0.07877927869703898,0.02173501247640076,0.019100583110140328,5.2294546502779816e-05,-1.568434881333678
185181750.0,-0.2938454370762918,0.11855744934890176,0.015197976558309588,0.019197530084421544,5.255997285262572e-05,-1.656671534798182
185547000.0,-0.3245170411978654,0.15981455353007748,0.008346645386425053,0.01879477144102374,5.145727978377479e-05,-1.7089034075496918
185912250.0,-0.350749247480113,0.20112564059732574,0.0013148436347915054,0.01793611912498106,4.9106417864424534e-05,-1.7222186449702086
186277500.0,-0.3719896959463517,0.2409938563424992,-0.00576896966702508,0.016673569973700415,4.564974667679785e-05,-1.6940238826444423
186642750.0,-0.3875715204868148,0.2777086126558635,-0.012756986344036205,0.015071542650890985,4.126363491003692e-05,-1.6216495022618782
187008000.0,-0.3967850794949768,0.3093657692847238,-0.019499187563812973,0.013211867244585694,3.617212113507377e-05,-1.5024517771139108
187373250.0,-0.39875453736823824,0.3338610728043699,-0.02583935282605555,0.01118491034583165,3.062261559433717e-05,-1.3332526951280208
187738500.0,-0.392237088249717,0.34868913949620284,-0.03160953054076132,0.009089351865941198,2.488528916068774e-05,-1.1091141995210778
188103750.0,-0.3749812106051716,0.3502923010900045,-0.03663512802344106,0.007027270804580218,1.9239618903710385e-05,-0.819382956327555
188469000.0,-0.3401676968874103,0.3307071178775068,-0.040744913251914844,0.005041870346224008,1.38038886960274e-05,-0.4236958641593054
188834250.0,,,,,,
189199500.0,,,,,,
189564750.0,,,,,,
189930000.0,,,,,,
190295250.0,,,,,,
190660500.0,,,,,,
191025750.0,,,,,,
191391000.0,,,,,,
191756250.0,,,,,,
192121500.0,,,,,,
192486750.0,,,,,,
192852000.0,,,,,,
193217250.0,,,,,,
193582500.0,,,,,,
193947750.0,,,,,,
194313000.0,,,,,,
194678250.0,,,,,,
195043500.0,,,,,,
195408750.0,0.1720097344003368,-0.41231572655341026,0.009627565695625456,0.034422552707896334,9.424381302641022e-05,1.876484551086691
195774000.0,0.14018747280266286,-0.3988672951349398,0.0069890807274025435,0.03669021494186583,0.00010045233385863335,1.8950663879213379
196139250.0,0.12795201681150067,-0.40167185476649836,0.006715186905623686,0.038420954754656816,0.00010519084121740402,1.8875321216439216
196504500.0,0.1217595582259498,-0.4098184955743073,0.007157436237203018,0.03993478882965038,0.00010933549303121255,1.8735208072722656
196869750.0,0.1185856230413255,-0.42056321365740806,0.007958380496984288,0.04126529572634159,0.00011297822238560326,1.8556645050166984
197235000.0,0.11740593961984756,-0.4328532930008664,0.009000433014900609,0.04241308485052764,0.0001161206977427177,1.834655920512349
197600250.0,0.11711596881615483,-0.4456208036860697,0.01016117039188332,0.04338643426325643,0.00011878558319851179,1.8110554020304124
197965500.0,0.1177472185938111,-0.45869335670200145,0.01144138994133768,0.04417402590919226,0.00012094189160627588,1.7848228637233532
198330750.0,0.11874420278623701,-0.4715170022013704,0.012783517216418088,0.04478662973377879,0.00012261910946962022,1.7564111809756657
198696000.0,0.11992101919149149,-0.4838098098596912,0.014166221751927346,0.04522956136094572,0.00012383179017370492,1.7260306437272708
199061250.0,0.12130078484480787,-0.4954476722050243,0.015590768060125134,0.045502595549847265,0.00012457931704270298,1.6937555069028853
199426500.0,0.12255974350551314,-0.5061161874180832,0.017024354751166156,0.04562418188371998,0.0001249122022826009,1.6600683311751194
199791750.0,0.1236917633513121,-0.5157036176112779,0.018464300680928344,0.04560157955211148,0.00012485032047121554,1.6250912563511823
200157000.0,0.12468917093345262,-0.5241111110091694,0.019908715891973957,0.04544200155666058,0.00012441341973076135,1.5889939843378518
200522250.0,0.12531144646941,-0.5311460313987398,0.02133294651421053,0.04516843768917313,0.00012366444268082993,1.5522463958158272
200887500.0,0.12571229154203492,-0.5368162912348905,0.022749065769188722,0.04478136330249525,0.00012260469076658522,1.5147391541113309
201252750.0,0.1256347542916009,-0.5409707155083789,0.02413245524786763,0.04430711728926478,0.0001213062759459679,1.4770905436730748
201618000.0,0.12523000971534665,-0.543642504006909,0.025493840699903583,0.04374639073595811,0.00011977109031063137,1.4390901911686196
201983250.0,0.12436453115637773,-0.5447747197016228,0.0268187718935609,0.043118912090890874,0.00011805314740832546,1.401160791099617
202348500.0,0.12297426754915353,-0.5443522970204832,0.02810150342997241,0.04244013114659176,0.00011619474646568586,1.363582025255484
202713750.0,0.12115419625319543,-0.5424351940690033,0.029344740714239908,0.04171366041457842,0.0001142057780002147,1.3261923327922898
203079000.0,0.1188257130024798,-0.5390291978818395,0.030542072845893078,0.04095612897328436,0.00011213176994739043,1.2893916628846924
203444250.0,0.11588506658500095,-0.5341852113199134,0.031681439420643775,0.04018569212757303,0.00011002242882292411,1.2534611687796564
203809500.0,0.11246935359666667,-0.5279838713626694,0.03277132410203288,0.03940208007098687,0.00010787701593699348,1.2182315557095913
204174750.0,0.10850014006943559,-0.5204975065507593,0.03380330890789067,0.03862199405925951,0.00010574125683575498,1.1840683206001292
204540000.0,0.10382794878272177,-0.5118062975961972,0.034764312909838536,0.03786672547065069,0.00010367344413593618,1.1514023132676159
204905250.0,0.09867362375931955,-0.502023990943931,0.035666669898260554,0.03712956228952737,0.0001016552013402529,1.1199251063242341
205270500.0,0.09273624454598614,-0.49124805617926004,0.03648836068806492,0.03644479691357108,9.978041591669016e-05,1.0905421446393564
205635750.0,0.08611897890683651,-0.47959519334686934,0.03723279983057823,0.035814604385124016,9.80550428066366e-05,1.0631867044335945
206001000.0,0.07867801499659663,-0.4671850834362153,0.03788830804996432,0.035262693672466046,9.654399362755933e-05,1.0385109016211629
206366250.0,0.07016851338648104,-0.4541504553591144,0.03843667967632573,0.03482275890731339,9.533951788449937e-05,1.0174788130478176
206731500.0,0.060690407168600295,-0.44059915391520127,0.038879948962287594,0.03449703355930892,9.444773048407645e-05,1.0000517582773518
207096750.0,0.049447968309452965,-0.4267084887708436,0.03916328243430047,0.034377953325114,9.4121706571154e-05,0.9891534011769831
207462000.0,0.0363670792898186,-0.4125705083319713,0.03927422048898793,0.034486441486582066,9.441873096942387e-05,0.9853422988613618
207827250.0,0.020208774404916523,-0.3983706366378654,0.039117927408601115,0.03496775438466211,9.573649386628915e-05,0.9932371918567819
208192500.0,-0.0010981084690720592,-0.38424208146591177,0.03852460349947443,0.03605531654487451,9.871407678268175e-05,1.0202582118379075
208557750.0,-0.0330514797921793,-0.37015891659135275,0.037009252099166466,0.038333840537768525,0.000104952335490126,1.0849192263646759
208923000.0,,,,,,
209288250.0,,,,,,
209653500.0,,,,,,
210018750.0,,,,,,
210384000.0,,,,,,
210749250.0,,,,,,
211114500.0,,,,,,
211479750.0,,,,,,
211845000.0,,,,,,
212210250.0,,,,,,
212575500.0,,,,,,
212940750.0,,,,,,
213306000.0,,,,,,
213671250.0,,,,,,
214036500.0,,,,,,
214401750.0,,,,,,
214767000.0,,,,,,
215132250.0,,,,,,
215497500.0,,,,,,
215862750.0,,,,,,
216228000.0,,,,,,
216593250.0,,,,,,
216958500.0,,,,,,
217323750.0,0.33751149597433044,0.015464972189124222,0.005172610912205843,-0.053998879949330815,-0.00014784087597352722,-2.4001290678414335
217689000.0,0.325443439383456,0.011199878226727179,-0.01039564644262138,-0.05117039351334506,-0.00014009690215837116,-2.3465845739925784
218054250.0,0.2942144023811932,0.0013490997528902567,-0.02140969774684358,-0.04445011177231906,-0.00012169777350395363,-2.1288739859518717
218419500.0,0.25141021804295094,-0.010289045830569036,-0.030246009188786033,-0.035702073603766316,-9.774695031831983e-05,-1.8080551710060915
218784750.0,0.20011394746655994,-0.021597085306546873,-0.03709378527366457,-0.02586623931009283,-7.081790365528496e-05,-1.4123061619881334
219150000.0,0.1426663075377067,-0.03089095120619161,-0.041951400069460396,-0.015701506887779784,-4.298838299186799e-05,-0.9646280126273514
219515250.0,0.08129993692780896,-0.036750759948943106,-0.0447877035521326,-0.005873677347883706,-1.6081252150263398e-05,-0.4884805596448849
219880500.0,0.01811036515107935,-0.038123581750638215,-0.04562107533648248,0.003082267239637841,8.438787788193952e-06,-0.005884864688183805
220245750.0,-0.04489855773438397,-0.034314544384059155,-0.04452254406594306,0.010764693939274192,2.9472125774878006e-05,0.4625880113534449
220611000.0,-0.10598048804387722,-0.024991983743554616,-0.04162297405089509,0.016927337808854703,4.634452514402383e-05,0.8991171748069263
220976250.0,-0.16347178130936751,-0.010245853477876139,-0.03711131811254404,0.021454453367043963,5.8739092038450274e-05,1.2886140876123007
221341500.0,-0.21612463336638882,0.009539547685467754,-0.031201418988499607,0.024368880505266113,6.671835867287094e-05,1.6205019293952792
221706750.0,-0.26280890371726734,0.033612041615894137,-0.024159727456789803,0.02577708443506976,7.057381091052638e-05,1.886531785600074
222072000.0,-0.3027429501557823,0.06103904628336349,-0.016244757726303793,0.025864508527461656,7.081316503069584e-05,2.083061980022078
222437250.0,-0.33537433862279525,0.09066675300197423,-0.007732629806118049,0.024852745255912922,6.804310816129479e-05,2.2086257298378227
222802500.0,-0.3603349486496868,0.12122558923326222,0.001102918842137021,0.022982572273275898,6.292285358870882e-05,2.2646123686848476
223167750.0,-0.3775046069339681,0.1514265248724636,0.010014055877102173,0.020489859199852634,5.609817713854246e-05,2.254271327969856
223533000.0,-0.3868747323668697,0.17992788838135765,0.018752013245708805,0.01759604031722204,4.8175332832914555e-05,2.1822521231938894
223898250.0,-0.3885800620144466,0.20547333022869,0.027102822017439954,0.014498163629014193,3.969380870366651e-05,2.054331950615054
224263500.0,-0.3828562313046139,0.22686225137051028,0.03486597517974453,0.011360559950926922,3.11035180039067e-05,1.8766333898928642
224628750.0,-0.3700066079548674,0.24299991260320758,0.04186122440080451,0.008323612954972685,2.2788810280554922e-05,1.6559628868792937
224994000.0,-0.3503610579494548,0.25293152487010356,0.04793781200862015,0.005490977786463159,1.5033477854793043e-05,1.3988136085835998
225359250.0,-0.32431536686611057,0.25583497887736767,0.052953110113970144,0.0029444829403156886,8.061554935840352e-06,1.1119732593140117
225724500.0,-0.29224599074155777,0.2510236588490203,0.056789677260514225,0.000741563115953524,2.0302891607214895e-06,0.801955312599935
226089750.0,-0.25449392300840756,0.2379646390675667,0.059341887257385685,-0.0010869856674249826,-2.976004565160801e-06,0.47478522649054394
226455000.0,-0.21146645440489895,0.21627289581342204,0.06051134106418952,-0.0025181910296277216,-6.894431292615254e-06,0.1369884884429825
226820250.0,-0.16336434626296809,0.18561553487393795,0.060206490256550796,-0.003553587471847076,-9.72919225693929e-06,-0.20607026756224853
227185500.0,-0.11037690441342674,0.14576034762735898,0.05832434132024687,-0.0042011531311856405,-1.1502130407079098e-05,-0.5486177825198687
227550750.0,-0.05248346717029424,0.0964471013706106,0.054735351451907784,-0.00448004280331491,-1.2265688715441233e-05,-0.8850529606703501
227916000.0,0.011016988036900918,0.03692729956484791,0.049212253539232295,-0.004419291545020641,-1.2099360835101003e-05,-1.2110242874449748
228281250.0,0.08187952206573383,-0.03446978036730334,0.04129314899664134,-0.004051732488144923,-1.1093038981916284e-05,-1.5217934815868728
228646500.0,0.16874465189979235,-0.12599507141085478,0.029264568959669838,-0.003415283773853201,-9.35053736852348e-06,-1.8210888865037869
229011750.0,,,,,,
229377000.0,,,,,,
229742250.0,,,,,,
230107500.0,,,,,,
230472750.0,,,,,,
230838000.0,,,,,,
231203250.0,,,,,,
231568500.0,,,,,,
231933750.0,,,,,,
232299000.0,,,,,,
232664250.0,,,,,,
233029500.0,,,,,,
233394750.0,,,,,,
233760000.0,,,,,,
234125250.0,,,,,,
234490500.0,,,,,,
234855750.0,,,,,,
235221000.0,,,,,,
235586250.0,,,,,,
235951500.0,,,,,,
236316750.0,,,,,,
236682000.0,,,,,,
237047250.0,,,,,,
237412500.0,,,,,,
237777750.0,,,,,,
238143000.0,,,,,,
238508250.0,,,,,,
238873500.0,,,,,,
239238750.0,,,,,,
239604000.0,,,,,,
239969250.0,,,,,,
240334500.0,,,,,,
240699750.0,,,,,,
241065000.0,,,,,,
241430250.0,0.1377969318550458,0.11714858131472837,-0.024415762072074916,-0.04027659517512208,-0.00011027130780320899,2.4186480490248545
241795500.0,0.15663927376344935,0.09771222556390259,-0.025986277686660755,-0.040068400280687685,-0.00010970130124760489,2.3275628770914016
242160750.0,0.16499713927742227,0.09487270574155499,-0.026107264817127208,-0.040535821004587094,-0.00011098102944445474,2.2813240801017396
242526000.0,0.1689676770010735,0.09988081374341728,-0.025614454246247892,-0.04132106912078254,-0.00011313092161747444,2.256109507151521
242891250.0,0.1708036696735012,0.10929920618722111,-0.024806375520536172,-0.04225541653333188,-0.00011568902541637751,2.241238903929713
243256500.0,0.17127018144180467,0.12185749240897141,-0.02378031979138359,-0.04326756081149982,-0.00011846012542505085,2.2326601139373965
243621750.0,0.17107173310550225,0.13639901250252331,-0.022625140776374637,-0.0442856393107431,-0.00012124747244556632,2.2265283777762193
243987000.0,0.17054090119515677,0.15225937324002572,-0.021382456796032456,-0.04526711677128724,-0.0001239346112834695,2.2208813055381387
244352250.0,0.16980056079216121,0.1691346230606546,-0.020065412771209757,-0.046191849768245856,-0.0001264663922470797,2.21500495364784
244717500.0,0.1691143318882296,0.18650113311044214,-0.018709189651406215,-0.047030960193943004,-0.00012876375138656538,2.2076793012056553
245082750.0,0.16857542385232516,0.20405338548639465,-0.017325979674963975,-0.04777690063488763,-0.0001308060250099593,2.198607860735843
245448000.0,0.16816919426508004,0.2217174012538288,-0.0159146223641232,-0.04842889792009206,-0.00013259109629046423,2.18799558544279
245813250.0,0.1680898080893179,0.23904561932353185,-0.014504144349892462,-0.04898085183787788,-0.00013410226375873478,2.175380038890583
246178500.0,0.16831401975725596,0.25597194199304335,-0.013093574670153615,-0.04944035063794783,-0.00013536030291019254,2.161119267918843
246543750.0,0.16882945095085178,0.27239087838269516,-0.011684464452277383,-0.04981596559876576,-0.00013638868062632652,2.1455149069566053
246909000.0,0.16986537077787703,0.2878810962607858,-0.010313795585897591,-0.050108387180246225,-0.00013718928728335722,2.1283222377287236
247274250.0,0.1710810402890465,0.30281326602085357,-0.008935672451259513,-0.05033985459490534,-0.0001378230105267771,2.110494590665269
247639500.0,0.17302600565543408,0.31637911949754544,-0.007635694840640713,-0.05050354021355322,-0.00013827115732663442,2.0913778952599578
248004750.0,0.1751970894383448,0.32916426667710375,-0.006344037208597597,-0.050624609173675436,-0.0001386026260744023,2.0719751985656574
248370000.0,0.17788478914291433,0.3407320850238111,-0.005109149871692478,-0.05070498706008421,-0.00013882268873397456,2.0521343673085206
248735250.0,0.18122751545689528,0.35088588588676356,-0.003956652419898399,-0.05075258211652523,-0.0001389529968967152,2.031966524470461
249100500.0,0.18479636759207266,0.36009408733050147,-0.0028271972837840553,-0.05078359505139007,-0.0001390379056848462,2.0120071766947176
249465750.0,0.18921461889767505,0.3676015903982969,-0.0018219443278872241,-0.05079791815886484,-0.00013907712021592018,1.9920614635411373
249831000.0,0.19396247902832914,0.3740107378137792,-0.0008648052266865111,-0.05080965923986577,-0.00013910926554378035,1.972531830227597
250196250.0,0.19950526039931504,0.37877625170325424,-3.590682738683937e-05,-0.05082284627030953,-0.00013914536966546073,1.953431438578959
250561500.0,0.20575036817735265,0.3820297246606295,0.0006744013385757429,-0.05084576302888037,-0.00013920811233095241,1.9349753679844344
250926750.0,0.21273319824770337,0.3837574387874254,0.0012555932541502043,-0.05088478358150061,-0.00013931494478165807,1.9172294664059213
251292000.0,0.22093650513095064,0.383460335663722,0.0016198752690393663,-0.05094749355306526,-0.00013948663532666736,1.900422220732637
251657250.0,0.2302718250452644,0.38130600268580644,0.0017776422086604937,-0.05103845022760916,-0.00013973566112966232,1.884581475811257
252022500.0,0.2415947699681159,0.3764198294504192,0.0015744039434222041,-0.05116469717196547,-0.00014008130642564125,1.8698721325715328
252387750.0,0.25581518602790376,0.36789594394608277,0.0008405521060013692,-0.05132568321160112,-0.00014052206218097502,1.856188902978935
252753000.0,0.27550640820064776,0.3528837714377819,-0.0009043441886531467,-0.05149887478154541,-0.00014099623485707162,1.8425537040028765
253118250.0,0.3153987277620589,0.31314903100627045,-0.006506474904490052,-0.05136804565902917,-0.00014063804424101073,1.8168356083634303
253483500.0,,,,,,
253848750.0,,,,,,
254214000.0,,,,,,
254579250.0,,,,,,
254944500.0,,,,,,
255309750.0,,,,,,
255675000.0,,,,,,
256040250.0,,,,,,
256405500.0,,,,,,
256770750.0,,,,,,
257136000.0,,,,,,
257501250.0,,,,,,
257866500.0,,,,,,
258231750.0,,,,,,
258597000.0,,,,,,
258962250.0,,,,,,
259327500.0,,,,,,
259692750.0,,,,,,
260058000.0,,,,,,
260423250.0,,,,,,
260788500.0,-0.14893862976879094,0.1547166520572367,0.046834964509104134,0.0022794728336842404,6.240856491948639e-06,-0.3138204609831826
261153750.0,-0.2064657760094962,0.11119748580769191,0.04482952081117867,0.015072284612230355,4.126566628947394e-05,-0.6966705259617036
261519000.0,-0.25088602746612526,0.07164739511961017,0.04134001152222885,0.026417617873085397,7.232749588798192e-05,-1.0264619863245177
261884250.0,-0.28608035214343575,0.036339264123796455,0.036692576910371436,0.03665378927584985,0.00010035260582025968,-1.3159884143348424
262249500.0,-0.3130424074307055,0.006044142593082387,0.031091520892936025,0.04566803633505909,0.00012503226922671893,-1.564499309890802
262614750.0,-0.3319981992196075,-0.018487267360362578,0.024712985478478246,0.05320690008529836,0.00014567255327939318,-1.76724687496184
262980000.0,-0.3427739861424186,-0.03662063529849105,0.017744173512613273,0.058948376704074754,0.0001613918595594107,-1.9177313410509886
263345250.0,-0.3451318319830557,-0.04797139234053249,0.010397729705405185,0.06254954011951257,0.00017125130765095842,-2.008798655936378
263710500.0,-0.3388519092397957,-0.05252629649985545,0.002888043817296684,0.06371764757129547,0.00017444941155727713,-2.0339463570091576
264075750.0,-0.3238091626176031,-0.05063174225049432,-0.00452105349363404,0.0622398575831098,0.00017040344307490705,-1.9880967870708064
264441000.0,-0.3000865597068817,-0.043077788925512984,-0.01158098923785861,0.058040325621768196,0.00015890575118896152,-1.8682344543447125
264806250.0,-0.26799153777752066,-0.03112770714970679,-0.018014722948768578,0.051252924762949334,0.0001403228604050632,-1.675163599826025
265171500.0,-0.22821585036043937,-0.016383522482584137,-0.02356390368755145,0.04222539764666806,0.00011560683818389611,-1.4136679266906507
265536750.0,-0.18168055890631923,-0.0007861104676091741,-0.028001381812265396,0.0315281342201713,8.631932709150252e-05,-1.092900338263771
265902000.0,-0.12978053971495568,0.013583857082852398,-0.031130655754497978,0.01994197878923556,5.459816232508025e-05,-0.727381953985834
266267250.0,-0.07404522065004496,0.02471284385582717,-0.032837142429165064,0.008315597925071094,2.2766866324629962e-05,-0.3342239322984522
266632500.0,-0.016325929898288273,0.030833117153637946,-0.03306292250195106,-0.0024799477356971878,-6.789726860225018e-06,0.06639863773913798
266997750.0,0.04156192646016128,0.030593974557129828,-0.03184450405096472,-0.01171687614523132,-3.207905857695091e-05,0.45446324270686594
267363000.0,0.09783583331078255,0.023234441897923036,-0.029283890570393642,-0.01888028161851959,-5.16913938905396e-05,0.811769362774216
267728250.0,0.15086127975598662,0.008615021799434021,-0.025550794402367228,-0.023714269814739754,-6.492613227854827e-05,1.1231751631848585
268093500.0,0.19938344668388222,-0.012814599796439103,-0.020860793258133833,-0.02623153348296813,-7.181802459402636e-05,1.378259715522553
268458750.0,0.24236310593874258,-0.04007629627286827,-0.015450754879206717,-0.026654516852504456,-7.297608994525518e-05,1.5713362157876094
268824000.0,0.2792153357412913,-0.07180469495106567,-0.009567445663110635,-0.025354208571310943,-6.941603989407513e-05,1.70093279907619
269189250.0,0.3095886044536603,-0.1064092246991534,-0.0034450517396640047,-0.022771234054455615,-6.234424107996061e-05,1.769625945626177
269554500.0,0.3334576542767587,-0.14219659231834308,0.002703093890380159,-0.01935274286629626,-5.298492228965437e-05,1.782404986997135
269919750.0,0.3510238525263474,-0.1775147180084629,0.008693898912717778,-0.01550708245218093,-4.2456077897825954e-05,1.746039373481428
270285000.0,0.36260370227203975,-0.210839915794881,0.014374174243411822,-0.011577412091552107,-3.1697226807808644e-05,1.6685021982129749
270650250.0,0.368716393497745,-0.24087307644626596,0.019627789682534386,-0.007826193308765212,-2.1426949510650818e-05,1.5573716327701723
271015500.0,0.3698692449714716,-0.26652620934984933,0.024363867667240875,-0.004446056976393115,-1.217264059245206e-05,1.4206847869441923
271380750.0,0.3666803422183632,-0.2870382795345274,0.028528083451365135,-0.0015534096376984955,-4.253003799311418e-06,1.2652757955746947
271746000.0,0.359762961761064,-0.3018748201215453,0.032083768184973466,0.0007840234872979621,2.1465393218287806e-06,1.0976392162965174
272111250.0,0.3497298459783409,-0.3107831271614388,0.0350204868816108,0.002546682181628814,6.972435815547746e-06,0.9233931085853662
272476500.0,0.3371867859005713,-0.3137782771808447,0.0373502367290316,0.003751906813150696,1.0272161021630926e-05,0.7470504402621603
272841750.0,0.3227543180663896,-0.3110604382118843,0.03908994104042739,0.004430161189714664,1.212912030038238e-05,0.5729185470363398
273207000.0,0.30695017553330967,-0.3030109628982274,0.04028469761066446,0.004637107694718836,1.269570895200229e-05,0.40377884079707027
273572250.0,0.2903646279525733,-0.29020923796276177,0.04097586641992296,0.004430380707669125,1.212972130778679e-05,0.24246313918536386
273937500.0,0.2734303779825626,-0.2732456873233497,0.04122046677461835,0.00387184631423019,1.060053747906965e-05,0.09057837825519217
274302750.0,0.25661218902191846,-0.25284222077477764,0.04107791842429953,0.0030228784283754546,8.276190084532387e-06,-0.05060374614787666
274668000.0,0.24029514439427632,-0.22972312125359048,0.04060619567801079,0.001940073722000487,5.311632366873339e-06,-0.1803220572999637
275033250.0,0.22474851225666156,-0.2045340637287137,0.03986586390653141,0.000674104220529595,1.8455967707860234e-06,-0.298482596274086
275398500.0,0.21025602583338834,-0.1779480615416582,0.03891154528046065,-0.0007321212500712731,-2.004438740783773e-06,-0.4051673512219659
275763750.0,0.19693997530636453,-0.15047926971917341,0.03779018484751703,-0.002243225416824947,-6.1416164731689176e-06,-0.500952936031704
276129000.0,0.18494002007744134,-0.12262412971170794,0.03654912501585682,-0.0038305295763575004,-1.0487418415763178e-05,-0.5864373733837658
276494250.0,0.17425191811943835,-0.09469828954464334,0.0352169579504044,-0.005475574055194788,-1.4991304737015164e-05,-0.6626253622030363
276859500.0,0.16489148546770035,-0.06702118457532984,0.033827217985174345,-0.007161272681345029,-1.96064960474881e-05,-0.730308461724719
277224750.0,0.156808428145983,-0.03977158400587847,0.0323995435230366,-0.008880331140039653,-2.4313021601751277e-05,-0.7904842030213058
277590000.0,0.14988007107583814,-0.013038800323383769,0.03094608159082897,-0.01062844903281042,-2.9099107550473427e-05,-0.8441426918940729
277955250.0,0.14409959388272334,0.012959953847524335,0.029487919344301408,-0.012398488595563363,-3.3945211760611536e-05,-0.8918752282502113
278320500.0,0.13921399234347018,0.03841327762407413,0.02801831313773578,-0.014200194597283203,-3.887801395560083e-05,-0.9349035066870172
278685750.0,0.1353008711385518,0.06298757318645883,0.026558956104561385,-0.01602437094968664,-4.387233661789635e-05,-0.9733714959979837
279051000.0,0.1320467772053352,0.08697217355633768,0.025097762383619774,-0.017882788973424765,-4.896040786700825e-05,-1.0084152903338768
279416250.0,0.12946650029879525,0.11019786774193821,0.023644655738511003,-0.019775492572637946,-5.414234790592182e-05,-1.0403058438728063
279781500.0,0.12749056042897305,0.13258154512977316,0.022204599629567664,-0.0217023871879381,-5.9417897845141954e-05,-1.0693995662971683
280146750.0,0.1257958569750769,0.15443941086954777,0.020760610739967884,-0.02367563621076383,-6.482035923549303e-05,-1.0965967840973305
280512000.0,0.12460494813339672,0.17531781656752418,0.019336183439734308,-0.02568813498176351,-7.033028057977689e-05,-1.1216271220948992
280877250.0,0.1235397575805872,0.19557333493681717,0.017910548242313837,-0.027749215515870562,-7.597321154242454e-05,-1.1453265258348586
281242500.0,0.12267554646483737,0.2149715401393311,0.016494190519141572,-0.029857624518828743,-8.174572079077e-05,-1.1677080787419667
281607750.0,0.12189127444926925,0.23351408886559738,0.015084092962385361,-0.03201371252109385,-8.76487680248976e-05,-1.1890444590018463
281973000.0,0.12104322904923427,0.2512370093137917,0.013675477495859813,-0.03421688926824569,-9.368073721627842e-05,-1.209646158553411
282338250.0,0.12020436439659306,0.26792451954875324,0.012276701925423333,-0.036465868440068515,-9.983810661209723e-05,-1.2295287479231272
282703500.0,0.11908973442519374,0.28373965347317315,0.010873111017591185,-0.03875513180755849,-0.00010610576812473235,-1.249004992658957
283068750.0,0.11786272602116127,0.29838669464826945,0.009479894468778853,-0.04107927323280594,-0.00011246892055525241,-1.2680465940041967
283434000.0,0.11630940547167314,0.31195851620427906,0.00808440032905944,-0.04343192745568543,-0.00011891013677121267,-1.2868281786641487
283799250.0,0.11445552603761737,0.32429418434024027,0.006694104186285635,-0.0457981726664409,-0.00012538856308402712,-1.3053341476258442
284164500.0,0.11217918654348365,0.3354257752162775,0.00530001692939354,-0.04816989177852255,-0.0001318819761218961,-1.3236920512753654
284529750.0,0.10958440404317286,0.3451310463020224,0.0039149685624050665,-0.0505268891183529,-0.0001383350831440189,-1.3417552587491404
284895000.0,0.10644970293413085,0.3535492347277758,0.0025235239453661007,-0.052848466567388036,-0.00014469121579024788,-1.3595877623090087
285260250.0,0.10285846373007777,0.3605328818547469,0.001132628349728791,-0.05511366347637578,-0.00015089298693052918,-1.3770697644598164
285625500.0,0.09885841949117949,0.366000830310153,-0.0002508249164552648,-0.05729007664560235,-0.0001568516814390208,-1.3940219544680037
285990750.0,0.09424575715530031,0.37010542963819765,-0.0016443877860418603,-0.05934486417529014,-0.00016247738309456576,-1.4103291983306334
286356000.0,0.08924243823881776,0.37267441796876255,-0.003029265465183646,-0.061241188870673584,-0.00016766923715447936,-1.4257217849197674
286721250.0,0.08375413478851243,0.3738244915791921,-0.004414695295916297,-0.06293464310389527,-0.00017230566215987753,-1.439930650267178
287086500.0,0.0777618247551221,0.37363010358829757,-0.005804295365499416,-0.06437544487726819,-0.00017625036242920793,-1.4526040767594512
287451750.0,0.07154621716335167,0.3720101001445223,-0.0071778939855888175,-0.06552613599411669,-0.0001794007830092175,-1.4635501895070522
287817000.0,0.06472594365123709,0.36931387663079296,-0.008570188109444528,-0.06631209742135913,-0.00018155262812144868,-1.4719269370056383
288182250.0,0.057912413975187024,0.3653549098810577,-0.00993815454356356,-0.06672278212253942,-0.00018267702155383824,-1.4780794679179465
288547500.0,0.05072907482779962,0.3605031170493795,-0.0113171529170927,-0.06668514312106728,-0.0001825739715840309,-1.480913998853584
288912750.0,0.043434834138914906,0.35480808388480817,-0.012694121646361007,-0.06618523980876784,-0.00018120531090696192,-1.4804270806931725
289278000.0,0.036400529938824165,0.34834984794295004,-0.01405024443255138,-0.06524351187481194,-0.00017862700034171645,-1.477075787419674
289643250.0,0.029160198073280717,0.34146761076893467,-0.015428060813308334,-0.06380630274554178,-0.00017469213619587072,-1.4693696170194492
290008500.0,0.022697645121507088,0.33410975770603646,-0.016766515450667333,-0.0620192686199168,-0.00016979950340839645,-1.4599204670520327
290373750.0,0.016573125333511584,0.32657960693367755,-0.018107570006336293,-0.059869489690531796,-0.0001639137294744197,-1.4474829110697907
290739000.0,0.011655682851670415,0.3189563073050589,-0.019400726306209842,-0.05754717066126406,-0.00015755556649216717,-1.4351990104186465
291104250.0,0.008548705960919297,0.31143160512748863,-0.020618363908163538,-0.05521938372558563,-0.00015118243319804417,-1.425787280897299
291469500.0,0.00840251211376447,0.30420380212667003,-0.02169458998886776,-0.053138727125068536,-0.00014548590588656684,-1.424240770400159
291834750.0,0.015492971708200335,0.2975598963520858,-0.02235243753232771,-0.052012554235249184,-0.0001424026125537281,-1.4474636720315024
292200000.0,,,,,,
292565250.0,,,,,,
292930500.0,,,,,,
293295750.0,,,,,,
293661000.0,,,,,,
294026250.0,,,,,,
294391500.0,,,,,,
294756750.0,,,,,,
295122000.0,,,,,,
295487250.0,,,,,,
295852500.0,,,,,,
296217750.0,,,,,,
296583000.0,,,,,,
296948250.0,,,,,,
297313500.0,,,,,,
297678750.0,,,,,,
298044000.0,,,,,,
298409250.0,-0.3915918355906372,-0.01504535124583895,-0.0326754944091872,0.031059257582197384,8.50356128191578e-05,1.1229021916002162
298774500.0,-0.4234146466873323,-0.0449309036049109,-0.02395779407594056,0.035740271837844784,9.785153138355861e-05,1.3737067446102007
299139750.0,-0.4383300097658111,-0.06132248602612722,-0.016313758439744964,0.03793618779049741,0.00010386362160300453,1.5177021176993557
299505000.0,-0.4445824735280194,-0.07014742852085219,-0.008829909131449713,0.03887876645019862,0.00010644426132840141,1.6063055863816134
299870250.0,-0.444201679954492,-0.07291482906522113,-0.0014125122375483513,0.03889605610047725,0.000106491597811026,1.651689858090552
300235500.0,-0.4381403793955756,-0.07049849211730817,0.005897450792215302,0.03815749540190375,0.00010446952882109173,1.6595021988665883
300600750.0,-0.42704249316855875,-0.06361417360838505,0.013022717191126682,0.03677875864683032,0.00010069475331096597,1.6334518958542648
300966000.0,-0.4113934494579696,-0.05295780157463342,0.019881195549617203,0.034852371480317106,9.542059269080658e-05,1.576467546797717
301331250.0,-0.3915974749793411,-0.039268762604430914,0.026379775752835247,0.03245653751085471,8.886115677167615e-05,1.4911718566348748
301696500.0,-0.36804873174687935,-0.02333310299011333,0.03243550428743452,0.029665709579796754,8.122028632387886e-05,1.3800373334133054
302061750.0,-0.3410985215308761,-0.005943356977062227,0.037963826629767196,0.02654461562020413,7.267519676989495e-05,1.2455669333207051
302427000.0,-0.3110767547907679,0.012033513028954295,0.042892873783271536,0.023157389820722782,6.340147794859078e-05,1.0901374832249424
302792250.0,-0.27833139105788096,0.029730332583490334,0.04715388319611685,0.019567396070197467,5.357261073291572e-05,0.9163100331772244
303157500.0,-0.24317480879171532,0.04631765733414675,0.05068712993543898,0.015829501884949648,4.3338814195618475e-05,0.7265599976027638
303522750.0,-0.20591349627662095,0.06090786359808907,0.05344469759927089,0.012003071185570554,3.2862617893416986e-05,0.5233694745584966
303888000.0,-0.16688865657709104,0.07275418864121723,0.05538107137432298,0.008141041633229033,2.2288957243611316e-05,0.3094812708692552
304253250.0,-0.12637289525084325,0.0810881958976052,0.056465032406426814,0.0042949072703980795,1.1758815250918766e-05,0.08738694752988771
304618500.0,-0.08472145031279373,0.0852868782951724,0.05667109270860932,0.0005167075718758207,1.4146682323773326e-06,-0.1399991362460946
304983750.0,-0.04223955313663293,0.08481760526198387,0.05598274518219822,-0.0031471343036802556,-8.616384130541425e-06,-0.3698514462994966
305349000.0,0.0007406902353357138,0.07926638784101567,0.05439292961229072,-0.006649312535371415,-1.8204825558853976e-05,-0.5991089389797427
305714250.0,0.04380085663870992,0.06840799019617025,0.05190738975165702,-0.00994185908183113,-2.721932671274779e-05,-0.8243038780553869
306079500.0,0.08663709413395879,0.05213433319202145,0.04853387750500766,-0.012986118572282813,-3.55540549549153e-05,-1.0421552206942994
306444750.0,0.12871391502567972,0.03059532690102567,0.04430551620543603,-0.01573255317471119,-4.307338309298067e-05,-1.2483679770966392
306810000.0,0.169635534134243,0.004066855622220593,0.03925352047053982,-0.018143760308236813,-4.9674908441442337e-05,-1.4389799297093016
307175250.0,0.20881811835870612,-0.026891610293462778,0.03343634760126694,-0.02017455441628258,-5.523491968865867e-05,-1.6089574675863945
307540500.0,0.245666002773959,-0.061521852899336274,0.02692430580874407,-0.02178577320831699,-5.9646196326672114e-05,-1.7532045084768981
307905750.0,0.2795334700797019,-0.09885001832927522,0.019803676108846143,-0.02293808252237019,-6.280104728917232e-05,-1.8659451916449092
308271000.0,0.30960854415846223,-0.1376008272682395,0.012196835924568172,-0.023590977702007597,-6.458857687065735e-05,-1.9407494171381283
308636250.0,0.33510057841577634,-0.1763242052185174,0.00423150144008103,-0.023716537875059215,-6.493234188927917e-05,-1.97109947708247
309001500.0,0.3550350489119833,-0.21329941202290928,-0.003915632203946125,-0.023281288567264653,-6.374069422933512e-05,-1.949627529053829
309366750.0,0.3683845433692958,-0.2465609398069383,-0.012048643365270513,-0.022274686995604823,-6.098476932403784e-05,-1.869173254935979
309732000.0,0.3740279927000391,-0.273990104239434,-0.0199339054522996,-0.020690353986454215,-5.664710194785548e-05,-1.7223520396378968
310097250.0,0.3707253239904257,-0.2932258295785947,-0.027293605783406172,-0.018551554455867356,-5.079138796952048e-05,-1.5023913762810515
310462500.0,0.3571248293733923,-0.30174933082740857,-0.03381191560332186,-0.015907141737050122,-4.3551380525804575e-05,-1.203412964360874
310827750.0,0.3317500075269102,-0.29691441891275244,-0.03912562343736462,-0.012841464365103306,-3.515801331992691e-05,-0.8206547601736334
311193000.0,0.2927296097274747,-0.27569838266417024,-0.04278997103897836,-0.009482554529613395,-2.5961819382925108e-05,-0.35128671305267956
311558250.0,0.23730439745289886,-0.23432974864640632,-0.04424810599006543,-0.005985441934418157,-1.638724691148024e-05,0.20840618727831955
311923500.0,0.1587378525911482,-0.16531930172177878,-0.04252068725970418,-0.0024674229671705124,-6.755435912855612e-06,0.8748842305157503
312288750.0,,,,,,
312654000.0,,,,,,
313019250.0,,,,,,
313384500.0,,,,,,
313749750.0,,,,,,
314115000.0,,,,,,
314480250.0,,,,,,
314845500.0,,,,,,
315210750.0,,,,,,
315576000.0,,,,,,
315941250.0,,,,,,
316306500.0,,,,,,
316671750.0,,,,,,
317037000.0,,,,,,
317402250.0,,,,,,
317767500.0,,,,,,
318132750.0,,,,,,
318498000.0,,,,,,
318863250.0,,,,,,
319228500.0,,,,,,
319593750.0,,,,,,
319959000.0,,,,,,
320324250.0,,,,,,
320689500.0,,,,,,
321054750.0,,,,,,
321420000.0,,,,,,
321785250.0,,,,,,
322150500.0,,,,,,
322515750.0,,,,,,
322881000.0,,,,,,
323246250.0,-0.1971708302462068,-0.02241178924384471,0.03899880868574805,0.016268668079934424,4.4541185708239354e-05,-1.1364751647750848
323611500.0,-0.23713102135106479,0.026475965853659553,0.042524853556799753,0.015045324219623594,4.119185275735412e-05,-1.0255307016187285
323976750.0,-0.25703583592186263,0.045486560023433376,0.04392581488718606,0.014970045123112275,4.098574982371602e-05,-0.9889048982306717
324342000.0,-0.27018282337440386,0.05405125477476563,0.044611792120763424,0.015330101607442545,4.197153075275166e-05,-0.979728218086085
324707250.0,-0.2797542737842022,0.05693653831266097,0.04490339568640115,0.015943940429362622,4.3652129854517785e-05,-0.9855786128105005
325072500.0,-0.28710988316641517,0.05626148824097186,0.04493889709018557,0.01672469489681518,4.578971908778968e-05,-1.0005729852051028
325437750.0,-0.2928234518574347,0.0529079491360158,0.04477181709747125,0.0176403013565,4.8296512954141e-05,-1.0222262533329203
325803000.0,-0.2973574161917838,0.047645592729106304,0.044447586258504514,0.018660295900201587,5.108910581848484e-05,-1.048362551860007
326168250.0,-0.3010177984889099,0.04101694970965153,0.04399795029572924,0.019763973738726303,5.4110811057429986e-05,-1.0775194992139927
326533500.0,-0.30378314216414704,0.03297741814691269,0.043418726534594686,0.02095781374775367,5.737936686585536e-05,-1.1097421134998275
326898750.0,-0.30602011368617854,0.02422494851195969,0.0427502092879586,0.022214796265162116,6.0820797440553366e-05,-1.1433407448731847
327264000.0,-0.3075557990982635,0.014469959526743396,0.041975138804282115,0.023550686002330762,6.447826420898224e-05,-1.178982803005457
327629250.0,-0.30863630351182236,0.004205495811819402,0.04112092159417945,0.024950195829185,6.830991329003423e-05,-1.2156398636542072
327994500.0,-0.3092288199480129,-0.006577806642926454,0.04018747116377255,0.026415924119512057,7.232285864342794e-05,-1.2533469077279764
328359750.0,-0.3092522382411188,-0.017970217252850754,0.03916775441974499,0.02795672806383065,7.654134993519685e-05,-1.2924073768286057
328725000.0,-0.3089738521696663,-0.029430399714180735,0.038095036368710776,0.029554867210867225,8.091681645685756e-05,-1.331805035619954
329090250.0,-0.30812056344112515,-0.04137852257571311,0.0369417849651849,0.031230177533849494,8.55035661433251e-05,-1.372460147386656
329455500.0,-0.3068348957835519,-0.05348329480997691,0.035728059073939465,0.03297453604270342,9.027935945983141e-05,-1.4138949850314237
329820750.0,-0.30518728024163666,-0.06556295204941659,0.034465482113665014,0.034783393914773676,9.523174240868905e-05,-1.4558286684589168
330186000.0,-0.30289603904407736,-0.07800668631759859,0.03312494355736677,0.036676176623165926,0.0001004138990367308,-1.4991648522190653
330551250.0,-0.300332786795466,-0.09012163834655196,0.03175475983683162,0.03862774067664931,0.000105756990216699,-1.5427366693764013
330916500.0,-0.2971556069327414,-0.10240024840086115,0.03031661018240271,0.040660329185497626,0.00011132191426556503,-1.5875372474130127
331281750.0,-0.2935690357532725,-0.11442432749301402,0.028840631743022562,0.042757721305257915,0.0001170642609315754,-1.6329679061252462
331647000.0,-0.28954003942733764,-0.1261924707163614,0.027325070743225276,0.04492087328183214,0.00012298664827332551,-1.6791062714456948
332012250.0,-0.28496207835023335,-0.1378073700126957,0.025759771379549903,0.04715215648955912,0.00012909556875991546,-1.7261532254369625
332377500.0,-0.28006495498131645,-0.14885705421240444,0.02417841218075556,0.04943080664951095,0.00013533417289393826,-1.7735431166028337
332742750.0,-0.2746394184924522,-0.15962971934952844,0.022554474508443834,0.05176512582294159,0.0001417251904803329,-1.8216584063958297
333108000.0,-0.2689059831402649,-0.16977099944268303,0.020920339360060682,0.05412957886445929,0.00014819871010118902,-1.8699166434204386
333473250.0,-0.262851436005447,-0.17929372450017775,0.01927556669435374,0.056514727862790604,0.00015472889216369776,-1.9182620466304714
333838500.0,-0.2565346297774932,-0.18813974866544186,0.01762808738266868,0.0589025123389267,0.00016126628977118878,-1.9663704555429584
334203750.0,-0.25009354179830107,-0.1961619241712761,0.015998036820657886,0.06126407398186487,0.00016773189317416802,-2.0138313818538336
334569000.0,-0.24366838614855593,-0.20323276406196839,0.014402897895866662,0.06357489080763067,0.000174058564839509,-2.0602052515298603
334934250.0,-0.23738713673789566,-0.20931434607675817,0.01285936784393783,0.06579780116321997,0.00018014456170628327,-2.10496979326131
335299500.0,-0.23149818958891072,-0.21420519904901267,0.011399846755477531,0.06789610825880824,0.0001858894134395845,-2.1475607545117086
335664750.0,-0.22640945690889544,-0.21757409745379586,0.010078951538351368,0.06982108370485668,0.0001911597089797582,-2.187162383224813
336030000.0,-0.2224211009679907,-0.21927696753806608,0.008937357359723216,0.07152501115143801,0.0001958248080805969,-2.2230323576387807
336395250.0,-0.22061266040407101,-0.2181661621032986,0.008133383573338409,0.07293833378163253,0.00019969427455614655,-2.2538341232728887
336760500.0,-0.22227941706081228,-0.2128189324326894,0.00787250169548031,0.07395810109240389,0.0002024862452906335,-2.277082404306136
337125750.0,-0.23194477685124604,-0.19682903001524263,0.008933117164013552,0.07422980606452041,0.00020323013296241044,-2.2833163255851834
337491000.0,,,,,,
337856250.0,,,,,,
338221500.0,,,,,,
338586750.0,,,,,,
338952000.0,,,,,,
339317250.0,,,,,,
339682500.0,,,,,,
340047750.0,,,,,,
340413000.0,,,,,,
340778250.0,,,,,,
341143500.0,,,,,,
341508750.0,,,,,,
341874000.0,,,,,,
342239250.0,,,,,,
342604500.0,,,,,,
342969750.0,,,,,,
343335000.0,,,,,,
343700250.0,,,,,,
344065500.0,,,,,,
344430750.0,0.34758016812729686,-0.07567339757868513,-0.036244229356173295,-0.021571722526428354,-5.906015749877715e-05,0.527768375244814
344796000.0,0.3891182673797755,-0.00591417550944262,-0.030312775495915833,-0.0315344906365374,-8.63367300110538e-05,0.8645606731265847
345161250.0,0.4098026847158475,0.045357527784775836,-0.02448939053809284,-0.037503487515692074,-0.00010267895281503647,1.0702679879003794
345526500.0,0.4196637290293427,0.0865357882637791,-0.018581175273661314,-0.041427835982304845,-0.00011342323335333291,1.2077905852225603
345891750.0,0.4215769512756362,0.11943813223509907,-0.012658062445287187,-0.043864894621733576,-0.00012009553626757995,1.2950484232861303
346257000.0,0.417043520196378,0.14477862057337362,-0.006819323628695663,-0.045111345417496417,-0.00012350813255988067,1.341596212370366
346622250.0,0.4070835571463278,0.16311564009651658,-0.0011533356506923766,-0.04536954217688643,-0.00012421503676081157,1.3541276595832183
346987500.0,0.39249977619023585,0.17493105467069692,0.00426060620401054,-0.04479282566165487,-0.00012263607299563278,1.337965623580559
347352750.0,0.37394071846654897,0.1807402674516764,0.009357342147420547,-0.04350806380042856,-0.00011911858672259703,1.2975353243827872
347718000.0,0.35196334103286114,0.18112813272793407,0.014083652176850427,-0.041619884462823095,-0.00011394903343688732,1.2366602342683821
348083250.0,0.3270783926232761,0.1766870559120415,0.01839755892605118,-0.039221486128312895,-0.00010738257666889225,1.1587797814315655
348448500.0,0.29971452598608594,0.16806872329136976,0.02226760850874704,-0.03639108777687202,-9.963336831450246e-05,1.066830294361074
348813750.0,0.2702752705214458,0.15597802330496796,0.02567260649350344,-0.03320038139194329,-9.089769032701791e-05,0.9635015044490975
349179000.0,0.2391230008249829,0.14107981864997107,0.02859845296975095,-0.029712043528225672,-8.134714176105592e-05,0.8511626364689173
349544250.0,0.2065893101906871,0.12410521511175494,0.03103767284503288,-0.025982684414936064,-7.113671297723768e-05,0.7319114492777781
349909500.0,0.17296052708071327,0.10577077230624837,0.03299201999928753,-0.022063754919493608,-6.040726877342534e-05,0.6076021554722497
350274750.0,0.1385411882619522,0.08673265182830911,0.03446365297269778,-0.018002605480497355,-4.9288447585208364e-05,0.4799557501007751
350640000.0,0.10355751578464584,0.06771139975992561,0.035463407154208704,-0.013842289066711899,-3.789812201700725e-05,0.3503901116863018
351005250.0,0.0682718730917614,0.049323587570444236,0.03600379077662533,-0.009624741582917692,-2.6351106318734272e-05,0.22029898640450213
351370500.0,0.032903928796700475,0.03216943932883717,0.036099545632022,-0.005386856365252658,-1.4748408939774559e-05,0.09084775546791272
351735750.0,-0.0023438409859675353,0.016835557883522662,0.035769933268052494,-0.0011673625468799173,-3.196064467843716e-06,-0.036872022834096074
352101000.0,-0.037242600404036125,0.003793391818966994,0.035034420038199385,0.0029984682306401465,8.209358605448724e-06,-0.16184314783429415
352466250.0,-0.07160684960155224,-0.006498812431557818,0.03391424560281726,0.007074764421550066,1.9369649340315032e-05,-0.28312808068149375
352831500.0,-0.10523038379590172,-0.013663852174072663,0.03243295851889731,0.011025061497058864,3.0184973297902432e-05,-0.39983471192504594
353196750.0,-0.13790918451563663,-0.01741800887767423,0.030613883348035376,0.01481323410376646,4.055642465096909e-05,-0.511085769438102
353562000.0,-0.16942973566513908,-0.017534661100843632,0.02848232136054302,0.018399268274615962,5.037445112831201e-05,-0.6159380814699276
353927250.0,-0.1995909822971104,-0.013887638780956866,0.026064103209176098,0.021745556479726296,5.9536088924644206e-05,-0.7135640838345729
354292500.0,-0.22814306646135302,-0.006449408957192062,0.023386505832294992,0.024806216181574383,6.791571849849249e-05,-0.8028952764365217
354657750.0,-0.2548559395536899,0.004713161404145183,0.020478365918165098,0.027537985192524178,7.539489443538447e-05,-0.8829198534807832
355023000.0,-0.2794705404093801,0.019424994810229315,0.01736955768364707,0.029891704646539057,8.183902709524724e-05,-0.9525233599032451
355388250.0,-0.30168066201002935,0.037382662742654185,0.014094606116215701,0.031812982129109456,8.709919816320179e-05,-1.010326083249538
355753500.0,-0.3212128927788675,0.058173116142704366,0.010686519654664817,0.033253958528094596,9.104437653140204e-05,-1.0550712737887937
356118750.0,-0.33771069803214976,0.08125055062858491,0.0071880219124282755,0.03415178809524457,9.350249991853407e-05,-1.0851132788350744
356484000.0,-0.3508376927229532,0.10592336272203645,0.0036397906394117748,0.03446061827819694,9.434803087802038e-05,-1.0988729024086028
356849250.0,-0.36022029492036056,0.13138056179273272,9.205162825433764e-05,0.034126715348496,9.343385447911293e-05,-1.0945987882493116
357214500.0,-0.3654763259704588,0.15667213758916812,-0.003400651498609249,0.03311141436948085,9.065411189454031e-05,-1.0705137525878
357579750.0,-0.3662217577011997,0.18069704740966186,-0.006780230927863784,0.03139663155286959,8.595929241032057e-05,-1.0249306982277697
357945000.0,-0.362102365009932,0.20229646909934615,-0.009978137280209713,0.028979745401656716,7.934221875881373e-05,-0.9563757713577073
358310250.0,-0.3527748070423181,0.22019094479757131,-0.012923896528816033,0.025903189141966675,7.091906678156516e-05,-0.8636970675664335
358675500.0,-0.33799642670842406,0.2330800531285337,-0.01554268025768285,0.02224919507375165,6.0914976245726626e-05,-0.7464609457306807
359040750.0,-0.31761762846862884,0.2397312844926225,-0.017756430282837903,0.018156424517549934,4.970958115687867e-05,-0.605100616043968
359406000.0,-0.291616376822801,0.23899029685942164,-0.019490509284434045,0.013821040776328035,3.783994736845458e-05,-0.44118190025900317
359771250.0,-0.2602119888017392,0.2299724595793843,-0.02067854794420122,0.009496576282240364,2.6000208849391826e-05,-0.25789247177837604
360136500.0,-0.22377408228387424,0.21209327820797916,-0.021264554341068786,0.005473386522287639,1.4985315598323447e-05,-0.05973590872318868
360501750.0,-0.18299090319424827,0.18524031323126,-0.02121552040125537,0.00205859114892407,5.6361153974649414e-06,0.14689708871497503
360867000.0,-0.13874310339144483,0.14979261369147412,-0.020522886471140863,-0.00046834004010647286,-1.2822451474509866e-06,0.35461938426341477
361232250.0,-0.09212974443003381,0.10666879268565446,-0.019207262274442354,-0.001898304965483429,-5.197275743965583e-06,0.5551948425326969
361597500.0,-0.04438832562296523,0.05729322976049311,-0.017322856357791117,-0.0021302660484775727,-5.832350577625114e-06,0.7404477931883725
361962750.0,0.003196242762758509,0.003454811807696231,-0.01495008174088877,-0.0011898185410780524,-3.2575456292349144e-06,0.903328391103911
362328000.0,0.049469524420328606,-0.05287304690961903,-0.012190309387764964,0.0007651513073943501,2.094870109224778e-06,1.0383247455650781
362693250.0,0.09336497078223399,-0.10966189730711964,-0.009159441504651106,0.0034846049505181755,9.540328406620603e-06,1.1424221444826086
363058500.0,0.13416322447534926,-0.1651580447598631,-0.005968381481894974,0.006667000371744687,1.8253252215591205e-05,1.2149298997534184
363423750.0,0.17136505701569582,-0.21784194502158397,-0.0027247777690235695,0.01000193851318486,2.7383815231170045e-05,1.2572423855493895
363789000.0,0.20479779145715038,-0.2666836903273931,0.0004868748346993028,0.013227884669056014,3.621597445326766e-05,1.2726171956260364
364154250.0,0.2345124806985351,-0.3110362423373236,0.0036001340513946577,0.016143602389512433,4.419877450927429e-05,1.2649842926931336
364519500.0,0.2606989645895283,-0.3505341107072478,0.006564575351784633,0.018611887212369383,5.095657005439941e-05,1.2387571394218275
364884750.0,0.2837245025196086,-0.38521062551870955,0.009358538536172184,0.020574150231395503,5.6328953405600284e-05,1.198198547806977
365250000.0,0.30394085097151813,-0.41518340019354893,0.011963018280509413,0.022009024087000544,6.0257423920603816e-05,1.1468978929085327
